time,lat,lon,elevation,accuracy,bearing,speed,satellites,provider,hdop,vdop,pdop,geoidheight,ageofdgpsdata,dgpsid,activity,battery,annotation,idx,location_type,isIndoor
2019-03-29T19:58:58.001Z,32.878309200000004,-117.2423058,0,20.88,0.0,0.0,0,network,,,,,,,,84,,0,building,1
2019-03-29T20:00:00.090Z,32.8783095,-117.242309,0,20.0,0.0,0.0,0,network,,,,,,,,84,,1,building,1
2019-03-29T20:01:01.963Z,32.8783159,-117.2423074,0,21.125,0.0,0.0,0,network,,,,,,,,84,,2,building,1
2019-03-29T20:02:02.737Z,32.8783087,-117.2423055,0,21.059,0.0,0.0,0,network,,,,,,,,84,,3,building,1
2019-03-29T20:03:04.274Z,32.8783128,-117.24230690000002,0,21.116,0.0,0.0,0,network,,,,,,,,84,,4,building,1
2019-03-29T20:04:19.531Z,32.8783161,-117.2423084,0,21.122,0.0,0.0,0,network,,,,,,,,84,,5,building,1
2019-03-29T20:05:21.249Z,32.8783087,-117.2423061,0,20.91,0.0,0.0,0,network,,,,,,,,84,,6,building,1
2019-03-29T20:06:22.574Z,32.8783095,-117.242309,0,20.0,0.0,0.0,0,network,,,,,,,,84,,7,building,1
2019-03-29T20:08:05.263Z,32.8783095,-117.242309,0,20.0,0.0,0.0,0,network,,,,,,,,84,,8,building,1
2019-03-29T20:09:07.458Z,32.8783181,-117.242309,0,21.305999999999997,0.0,0.0,0,network,,,,,,,,84,,9,building,1
2019-03-29T20:10:09.371Z,32.878318699999994,-117.2423092,0,21.059,0.0,0.0,0,network,,,,,,,,84,,10,building,1
2019-03-29T20:11:33.282Z,32.8783175,-117.242306,0,21.104,0.0,0.0,0,network,,,,,,,,84,,11,building,1
2019-03-29T20:12:34.866Z,32.878315,-117.2423075,0,21.075,0.0,0.0,0,network,,,,,,,,84,,12,building,1
2019-03-29T20:13:37.229Z,32.8783145,-117.24230729999998,0,21.309,0.0,0.0,0,network,,,,,,,,84,,13,building,1
2019-03-29T20:14:45.476Z,32.8783129,-117.2423064,0,21.069000000000003,0.0,0.0,0,network,,,,,,,,84,,14,building,1
2019-03-29T20:15:47.309Z,32.8783162,-117.24230659999999,0,21.228,0.0,0.0,0,network,,,,,,,,84,,15,building,1
2019-03-29T20:17:30.355Z,32.8783149,-117.24230790000001,0,21.101,0.0,0.0,0,network,,,,,,,,84,,16,building,1
2019-03-29T20:19:07.157Z,32.8783163,-117.2423074,0,21.263,0.0,0.0,0,network,,,,,,,,83,,17,building,1
2019-03-29T20:20:08.056Z,32.8783147,-117.24230729999998,0,21.324,0.0,0.0,0,network,,,,,,,,83,,18,building,1
2019-03-29T20:21:08.901Z,32.8783107,-117.24230449999999,0,20.893,0.0,0.0,0,network,,,,,,,,83,,19,building,1
2019-03-29T20:22:11.135Z,32.878310600000006,-117.24230459999998,0,20.896,0.0,0.0,0,network,,,,,,,,83,,20,building,1
2019-03-29T20:23:14.647Z,32.8783102,-117.24230530000001,0,21.125999999999998,0.0,0.0,0,network,,,,,,,,83,,21,building,1
2019-03-29T20:24:25.988Z,32.8783107,-117.24230449999999,0,20.893,0.0,0.0,0,network,,,,,,,,83,,22,building,1
2019-03-29T20:26:12.109Z,32.878313399999996,-117.2423067,0,21.090999999999998,0.0,0.0,0,network,,,,,,,,83,,23,building,1
2019-03-29T20:27:46.359Z,32.8783095,-117.242309,0,20.0,0.0,0.0,0,network,,,,,,,,83,,24,building,1
2019-03-29T20:28:48.563Z,32.8783091,-117.24230559999998,0,20.912,0.0,0.0,0,network,,,,,,,,83,,25,building,1
2019-03-29T20:29:49.632Z,32.878315,-117.2423074,0,21.1,0.0,0.0,0,network,,,,,,,,83,,26,building,1
2019-03-29T20:30:51.277Z,32.8783193,-117.2423108,0,20.925,0.0,0.0,0,network,,,,,,,,83,,27,building,1
2019-03-29T20:31:52.123Z,32.8783262,-117.24230949999999,0,21.017,0.0,0.0,0,network,,,,,,,,83,,28,building,1
2019-03-29T20:32:53.864Z,32.878318900000004,-117.24230890000001,0,21.154,0.0,0.0,0,network,,,,,,,,83,,29,building,1
2019-03-29T20:34:18.691Z,32.8783095,-117.242309,0,20.0,0.0,0.0,0,network,,,,,,,,83,,30,building,1
2019-03-29T20:35:27.324Z,32.8783097,-117.2423055,0,21.133000000000003,0.0,0.0,0,network,,,,,,,,83,,31,building,1
2019-03-29T20:36:29.004Z,32.8783089,-117.2423057,0,20.912,0.0,0.0,0,network,,,,,,,,83,,32,building,1
2019-03-29T20:37:32.089Z,32.8783186,-117.24230890000001,0,21.136999999999997,0.0,0.0,0,network,,,,,,,,83,,33,building,1
2019-03-29T20:38:59.583Z,32.878322,-117.24231129999998,0,20.949,0.0,0.0,0,network,,,,,,,,83,,34,building,1
2019-03-29T20:40:00.884Z,32.8783197,-117.24230890000001,0,21.131999999999998,0.0,0.0,0,network,,,,,,,,83,,35,building,1
2019-03-29T20:41:02.418Z,32.8783239,-117.2423084,0,20.949,0.0,0.0,0,network,,,,,,,,83,,36,building,1
2019-03-29T20:42:04.821Z,32.878309200000004,-117.24230530000001,0,20.896,0.0,0.0,0,network,,,,,,,,83,,37,building,1
2019-03-29T20:43:47.445Z,32.8783095,-117.242309,0,20.0,0.0,0.0,0,network,,,,,,,,83,,38,building,1
2019-03-29T20:44:49.668Z,32.8783095,-117.242309,0,20.0,0.0,0.0,0,network,,,,,,,,83,,39,building,1
2019-03-29T20:46:29.726Z,32.8783095,-117.242309,0,20.0,0.0,0.0,0,network,,,,,,,,83,,40,building,1
2019-03-29T20:47:31.509Z,32.8783143,-117.24230829999999,0,21.224,0.0,0.0,0,network,,,,,,,,83,,41,building,1
2019-03-29T20:48:34.114Z,32.8783095,-117.242309,0,20.0,0.0,0.0,0,network,,,,,,,,83,,42,building,1
2019-03-29T20:49:36.115Z,32.8783157,-117.2423082,0,21.308000000000003,0.0,0.0,0,network,,,,,,,,83,,43,building,1
2019-03-29T20:50:39.036Z,32.878318699999994,-117.24230779999999,0,21.266,0.0,0.0,0,network,,,,,,,,83,,44,building,1
2019-03-29T20:52:13.222Z,32.878315,-117.2423068,0,21.098000000000003,0.0,0.0,0,network,,,,,,,,83,,45,building,1
2019-03-29T20:53:58.222Z,32.8783095,-117.242309,0,20.0,0.0,0.0,0,network,,,,,,,,83,,46,building,1
2019-03-29T20:55:00.180Z,32.878318199999995,-117.24230759999999,0,21.226999999999997,0.0,0.0,0,network,,,,,,,,83,,47,building,1
2019-03-29T20:56:30.263Z,32.8783169,-117.2423085,0,21.339000000000002,0.0,0.0,0,network,,,,,,,,83,,48,building,1
2019-03-29T20:57:58.737Z,32.8783158,-117.24230829999999,0,21.113000000000003,0.0,0.0,0,network,,,,,,,,83,,49,building,1
2019-03-29T20:59:00.546Z,32.8783149,-117.2423088,0,21.238000000000003,0.0,0.0,0,network,,,,,,,,83,,50,building,1
2019-03-29T21:00:06.705Z,32.8783104,-117.24230459999998,0,20.899,0.0,0.0,0,network,,,,,,,,83,,51,building,1
2019-03-29T21:01:08.471Z,32.8783167,-117.2423084,0,21.342,0.0,0.0,0,network,,,,,,,,83,,52,building,1
2019-03-29T21:02:10.312Z,32.8783087,-117.2423057,0,20.927,0.0,0.0,0,network,,,,,,,,83,,53,building,1
2019-03-29T21:03:12.340Z,32.8783201,-117.24230759999999,0,21.168000000000003,0.0,0.0,0,network,,,,,,,,83,,54,building,1
2019-03-29T21:04:19.127Z,32.878309,-117.2423048,0,21.076999999999998,0.0,0.0,0,network,,,,,,,,83,,55,building,1
2019-03-29T21:05:19.961Z,32.8783159,-117.24230759999999,0,21.268,0.0,0.0,0,network,,,,,,,,83,,56,building,1
2019-03-29T21:06:31.504Z,32.8783095,-117.2423055,0,21.14,0.0,0.0,0,network,,,,,,,,83,,57,building,1
2019-03-29T21:07:33.636Z,32.8783095,-117.242309,0,20.0,0.0,0.0,0,network,,,,,,,,83,,58,building,1
2019-03-29T21:08:58.530Z,32.878318900000004,-117.2423084,0,21.145,0.0,0.0,0,network,,,,,,,,83,,59,building,1
2019-03-29T21:10:00.189Z,32.878316399999996,-117.2423074,0,21.108,0.0,0.0,0,network,,,,,,,,82,,60,building,1
2019-03-29T21:11:02.213Z,32.8783095,-117.242309,0,20.0,0.0,0.0,0,network,,,,,,,,82,,61,building,1
2019-03-29T21:12:47.563Z,32.8783095,-117.242309,0,20.0,0.0,0.0,0,network,,,,,,,,82,,62,building,1
2019-03-29T21:14:06.369Z,32.8783095,-117.242309,0,20.0,0.0,0.0,0,network,,,,,,,,82,,63,building,1
2019-03-29T21:15:07.490Z,32.8783146,-117.2423064,0,21.254,0.0,0.0,0,network,,,,,,,,82,,64,building,1
2019-03-29T21:16:44.301Z,32.87831,-117.2423047,0,20.93,0.0,0.0,0,network,,,,,,,,82,,65,building,1
2019-03-29T21:17:45.734Z,32.8783095,-117.242309,0,20.0,0.0,0.0,0,network,,,,,,,,82,,66,building,1
2019-03-29T21:19:18.111Z,32.8783179,-117.24230759999999,0,21.112,0.0,0.0,0,network,,,,,,,,82,,67,building,1
2019-03-29T21:20:18.932Z,32.878319399999995,-117.2423071,0,20.879,0.0,0.0,0,network,,,,,,,,82,,68,building,1
2019-03-29T21:21:20.718Z,32.878310600000006,-117.24230449999999,0,20.889,0.0,0.0,0,network,,,,,,,,82,,69,building,1
2019-03-29T21:22:22.421Z,32.8783152,-117.2423072,0,21.234,0.0,0.0,0,network,,,,,,,,82,,70,building,1
2019-03-29T21:23:57.409Z,32.8783168,-117.24230779999999,0,21.12,0.0,0.0,0,network,,,,,,,,82,,71,building,1
2019-03-29T21:25:20.773Z,32.8783193,-117.2423065,0,21.098000000000003,0.0,0.0,0,network,,,,,,,,82,,72,building,1
2019-03-29T21:26:44.315Z,32.878318699999994,-117.24230829999999,0,21.129,0.0,0.0,0,network,,,,,,,,82,,73,building,1
2019-03-29T21:27:46.621Z,32.8783195,-117.2423082,0,21.252,0.0,0.0,0,network,,,,,,,,82,,74,building,1
2019-03-29T21:29:12.705Z,32.8783175,-117.24230759999999,0,21.241,0.0,0.0,0,network,,,,,,,,82,,75,building,1
2019-03-29T21:30:15.198Z,32.878309,-117.2423061,0,21.131999999999998,0.0,0.0,0,network,,,,,,,,82,,76,building,1
2019-03-29T21:31:28.660Z,32.8783095,-117.2423055,0,21.14,0.0,0.0,0,network,,,,,,,,82,,77,building,1
2019-03-29T21:32:31.026Z,32.8783095,-117.242309,0,20.0,0.0,0.0,0,network,,,,,,,,82,,78,building,1
2019-03-29T21:33:32.440Z,32.878308000000004,-117.24230759999999,0,20.921,0.0,0.0,0,network,,,,,,,,82,,79,building,1
2019-03-29T21:34:34.095Z,32.8783102,-117.24230449999999,0,20.905,0.0,0.0,0,network,,,,,,,,82,,80,building,1
2019-03-29T21:35:36.138Z,32.8783153,-117.2423082,0,21.323,0.0,0.0,0,network,,,,,,,,82,,81,building,1
2019-03-29T21:36:44.356Z,32.87831,-117.2423054,0,21.116999999999997,0.0,0.0,0,network,,,,,,,,82,,82,building,1
2019-03-29T21:37:46.139Z,32.8783148,-117.2423071,0,21.26,0.0,0.0,0,network,,,,,,,,82,,83,building,1
2019-03-29T21:39:15.817Z,32.8783138,-117.24230800000001,0,21.226,0.0,0.0,0,network,,,,,,,,82,,84,building,1
2019-03-29T21:39:36.995Z,32.8783089,-117.24230630000001,0,20.926,0.0,0.0,0,network,,,,,,,,82,,85,building,1
2019-03-29T21:41:59.766Z,32.8783201,-117.24230859999999,0,22.116,0.0,0.0,0,network,,,,,,,,82,,86,building,1
2019-03-29T21:43:01.567Z,32.8783167,-117.24230800000001,0,21.048000000000002,0.0,0.0,0,network,,,,,,,,82,,87,building,1
2019-03-29T21:44:27.104Z,32.878317800000005,-117.24230779999999,0,21.215999999999998,0.0,0.0,0,network,,,,,,,,82,,88,building,1
2019-03-29T21:46:01.620Z,32.878324400000004,-117.24230779999999,0,21.1,0.0,0.0,0,network,,,,,,,,82,,89,building,1
2019-03-29T21:47:03.940Z,32.8783195,-117.2423081,0,21.243000000000002,0.0,0.0,0,network,,,,,,,,82,,90,building,1
2019-03-29T21:48:05.859Z,32.8783196,-117.2423081,0,21.201999999999998,0.0,0.0,0,network,,,,,,,,82,,91,building,1
2019-03-29T21:49:27.773Z,32.8783095,-117.242309,0,20.0,0.0,0.0,0,network,,,,,,,,82,,92,building,1
2019-03-29T21:50:29.667Z,32.8783249,-117.24230779999999,0,21.099,0.0,0.0,0,network,,,,,,,,82,,93,building,1
2019-03-29T21:52:03.218Z,32.8783109,-117.24230449999999,0,20.783,0.0,0.0,0,network,,,,,,,,82,,94,building,1
2019-03-29T21:53:14.117Z,32.8783193,-117.2423064,0,21.070999999999998,0.0,0.0,0,network,,,,,,,,82,,95,building,1
2019-03-29T21:54:47.701Z,32.878318300000004,-117.2423067,0,20.893,0.0,0.0,0,network,,,,,,,,82,,96,building,1
2019-03-29T21:55:49.805Z,32.878318300000004,-117.2423075,0,21.215999999999998,0.0,0.0,0,network,,,,,,,,82,,97,building,1
2019-03-29T21:57:05.010Z,32.8783202,-117.2423064,0,21.112,0.0,0.0,0,network,,,,,,,,82,,98,building,1
2019-03-29T21:58:06.184Z,32.8783174,-117.24230729999998,0,21.24,0.0,0.0,0,network,,,,,,,,82,,99,building,1
2019-03-29T21:59:16.233Z,32.8783217,-117.24230759999999,0,20.94,0.0,0.0,0,network,,,,,,,,82,,100,building,1
2019-03-29T22:00:42.438Z,32.8783202,-117.2423065,0,21.142,0.0,0.0,0,network,,,,,,,,82,,101,building,1
2019-03-29T22:01:43.715Z,32.878319,-117.24230759999999,0,21.206,0.0,0.0,0,network,,,,,,,,82,,102,building,1
2019-03-29T22:02:47.762Z,32.8783179,-117.24230759999999,0,21.206999999999997,0.0,0.0,0,network,,,,,,,,82,,103,building,1
2019-03-29T22:04:18.589Z,32.8783165,-117.24230759999999,0,21.094,0.0,0.0,0,network,,,,,,,,82,,104,building,1
2019-03-29T22:05:20.159Z,32.8783159,-117.2423081,0,21.291999999999998,0.0,0.0,0,network,,,,,,,,82,,105,building,1
2019-03-29T22:07:05.677Z,32.8783218,-117.24230759999999,0,20.789,0.0,0.0,0,network,,,,,,,,82,,106,building,1
2019-03-29T22:08:07.389Z,32.8783162,-117.2423084,0,21.326999999999998,0.0,0.0,0,network,,,,,,,,82,,107,building,1
2019-03-29T22:09:01.921Z,32.8783162,-117.2423084,0,21.293000000000003,0.0,0.0,0,network,,,,,,,,81,,108,building,1
2019-03-29T22:10:23.104Z,32.878319399999995,-117.2423067,0,21.133000000000003,0.0,0.0,0,network,,,,,,,,81,,109,building,1
2019-03-29T22:11:40.408Z,32.8783093,-117.24230559999998,0,20.842,0.0,0.0,0,network,,,,,,,,81,,110,building,1
2019-03-29T22:12:41.437Z,32.878318900000004,-117.24230890000001,0,21.084,0.0,0.0,0,network,,,,,,,,81,,111,building,1
2019-03-29T22:13:25.761Z,32.878313399999996,-117.24230320000001,0,20.998,0.0,0.0,0,network,,,,,,,,80,,112,building,1
2019-03-29T22:14:44.830Z,32.878316600000005,-117.24231699999999,0,20.787,0.0,0.0,0,network,,,,,,,,80,,113,building,1
2019-03-29T22:15:45.741Z,32.8783124,-117.2423051,0,20.896,0.0,0.0,0,network,,,,,,,,80,,114,building,1
2019-03-29T22:17:11.242Z,32.8783095,-117.242309,0,20.0,0.0,0.0,0,network,,,,,,,,80,,115,building,1
2019-03-29T22:18:17.646Z,32.878316600000005,-117.24231709999998,0,20.781999999999996,0.0,0.0,0,network,,,,,,,,79,,116,building,1
2019-03-29T22:19:30.557Z,32.8783212,-117.24231840000002,0,21.06,0.0,0.0,0,network,,,,,,,,79,,117,building,1
2019-03-29T22:20:31.473Z,32.8783247,-117.2423175,0,21.233,0.0,0.0,0,network,,,,,,,,79,,118,building,1
2019-03-29T22:21:32.760Z,32.878307899999996,-117.2423082,0,21.408,0.0,0.0,0,network,,,,,,,,79,,119,building,1
2019-03-29T22:23:14.036Z,32.8783095,-117.242309,0,20.0,0.0,0.0,0,network,,,,,,,,79,,120,building,1
2019-03-29T22:24:35.931Z,32.8783095,-117.242309,0,20.0,0.0,0.0,0,network,,,,,,,,79,,121,building,1
2019-03-29T22:26:19.041Z,32.8783095,-117.242309,0,20.0,0.0,0.0,0,network,,,,,,,,79,,122,building,1
2019-03-29T22:27:20.984Z,32.8783095,-117.242309,0,20.0,0.0,0.0,0,network,,,,,,,,79,,123,building,1
2019-03-29T22:29:01.433Z,32.8783095,-117.242309,0,20.0,0.0,0.0,0,network,,,,,,,,79,,124,building,1
2019-03-29T22:30:02.190Z,32.8783095,-117.242309,0,20.0,0.0,0.0,0,network,,,,,,,,78,,125,building,1
2019-03-29T22:31:04.041Z,32.8783095,-117.242309,0,20.0,0.0,0.0,0,network,,,,,,,,78,,126,building,1
2019-03-29T22:32:05.700Z,32.8783095,-117.242309,0,20.0,0.0,0.0,0,network,,,,,,,,78,,127,building,1
2019-03-29T22:33:46.698Z,32.8783095,-117.242309,0,20.0,0.0,0.0,0,network,,,,,,,,78,,128,building,1
2019-03-29T22:35:07.798Z,32.8783095,-117.242309,0,20.0,0.0,0.0,0,network,,,,,,,,78,,129,building,1
2019-03-29T22:36:09.844Z,32.8783095,-117.242309,0,20.0,0.0,0.0,0,network,,,,,,,,78,,130,building,1
2019-03-29T22:37:22.325Z,32.8783095,-117.242309,0,20.0,0.0,0.0,0,network,,,,,,,,78,,131,building,1
2019-03-29T22:39:08.722Z,32.8783095,-117.242309,0,20.0,0.0,0.0,0,network,,,,,,,,78,,132,building,1
2019-03-29T22:40:43.034Z,32.8783162,-117.2423047,0,20.949,0.0,0.0,0,network,,,,,,,,78,,133,building,1
2019-03-29T22:42:18.036Z,32.8783095,-117.242309,0,20.0,0.0,0.0,0,network,,,,,,,,78,,134,building,1
2019-03-29T22:43:19.279Z,32.8783098,-117.2423061,0,21.32,0.0,0.0,0,network,,,,,,,,78,,135,building,1
2019-03-29T22:44:21.372Z,32.8783095,-117.242309,0,20.0,0.0,0.0,0,network,,,,,,,,78,,136,building,1
2019-03-29T22:46:00.034Z,32.8783095,-117.242309,0,20.0,0.0,0.0,0,network,,,,,,,,78,,137,building,1
2019-03-29T22:47:23.544Z,32.8783095,-117.242309,0,20.0,0.0,0.0,0,network,,,,,,,,78,,138,building,1
2019-03-29T22:48:24.392Z,32.878308000000004,-117.24230800000001,0,21.386,0.0,0.0,0,network,,,,,,,,78,,139,building,1
2019-03-29T22:49:53.228Z,32.8783095,-117.242309,0,20.0,0.0,0.0,0,network,,,,,,,,78,,140,building,1
2019-03-29T22:50:55.498Z,32.878308000000004,-117.2423082,0,21.393,0.0,0.0,0,network,,,,,,,,78,,141,building,1
2019-03-29T22:52:38.747Z,32.878312300000005,-117.2423044,0,21.375,0.0,0.0,0,network,,,,,,,,78,,142,building,1
2019-03-29T22:54:24.201Z,32.878308000000004,-117.24230800000001,0,21.386,0.0,0.0,0,network,,,,,,,,78,,143,building,1
2019-03-29T22:55:26.366Z,32.878308000000004,-117.2423084,0,21.39,0.0,0.0,0,network,,,,,,,,78,,144,building,1
2019-03-29T22:56:27.414Z,32.8783095,-117.242309,0,20.0,0.0,0.0,0,network,,,,,,,,78,,145,building,1
2019-03-29T22:58:09.316Z,32.8783095,-117.242309,0,20.0,0.0,0.0,0,network,,,,,,,,78,,146,building,1
2019-03-29T22:59:11.158Z,32.8783095,-117.242309,0,20.0,0.0,0.0,0,network,,,,,,,,78,,147,building,1
2019-03-29T23:00:13.042Z,32.8783112,-117.24230619999999,0,21.246,0.0,0.0,0,network,,,,,,,,78,,148,building,1
2019-03-29T23:01:14.837Z,32.8783088,-117.24230759999999,0,21.311,0.0,0.0,0,network,,,,,,,,78,,149,building,1
2019-03-29T23:02:46.239Z,32.8783095,-117.242309,0,20.0,0.0,0.0,0,network,,,,,,,,78,,150,building,1
2019-03-29T23:03:47.869Z,32.8783095,-117.242309,0,20.0,0.0,0.0,0,network,,,,,,,,78,,151,building,1
2019-03-29T23:04:54.667Z,32.8783095,-117.242309,0,20.0,0.0,0.0,0,network,,,,,,,,78,,152,building,1
2019-03-29T23:05:56.074Z,32.878308000000004,-117.2423085,0,21.386999999999997,0.0,0.0,0,network,,,,,,,,78,,153,building,1
2019-03-29T23:06:58.123Z,32.8783095,-117.242309,0,20.0,0.0,0.0,0,network,,,,,,,,78,,154,building,1
2019-03-29T23:08:09.950Z,32.8783095,-117.242309,0,20.0,0.0,0.0,0,network,,,,,,,,78,,155,building,1
2019-03-29T23:09:29.886Z,32.8783095,-117.242309,0,20.0,0.0,0.0,0,network,,,,,,,,78,,156,building,1
2019-03-29T23:10:31.329Z,32.8783095,-117.242309,0,20.0,0.0,0.0,0,network,,,,,,,,78,,157,building,1
2019-03-29T23:11:33.071Z,32.8783095,-117.242309,0,20.0,0.0,0.0,0,network,,,,,,,,78,,158,building,1
2019-03-29T23:13:04.504Z,32.878315,-117.2423034,0,21.434,0.0,0.0,0,network,,,,,,,,77,,159,building,1
2019-03-29T23:14:16.165Z,32.878315,-117.2423042,0,21.276999999999997,0.0,0.0,0,network,,,,,,,,77,,160,building,1
2019-03-29T23:15:37.764Z,32.878312300000005,-117.2423058,0,21.226,0.0,0.0,0,network,,,,,,,,77,,161,building,1
2019-03-29T23:17:00.908Z,32.8783132,-117.2423023,0,20.971999999999998,0.0,0.0,0,network,,,,,,,,77,,162,building,1
2019-03-29T23:18:21.284Z,32.8783095,-117.242309,0,20.0,0.0,0.0,0,network,,,,,,,,76,,163,building,1
2019-03-29T23:19:22.164Z,32.878316399999996,-117.242305,0,21.392,0.0,0.0,0,network,,,,,,,,76,,164,building,1
2019-03-29T23:20:40.276Z,32.8783161,-117.242309,0,21.389,0.0,0.0,0,network,,,,,,,,75,,165,building,1
2019-03-29T23:21:44.888Z,32.8783022,-117.24230779999999,0,21.296,0.0,0.0,0,network,,,,,,,,75,,166,building,1
2019-03-29T23:23:02.348Z,32.8783202,-117.2423203,0,21.291999999999998,0.0,0.0,0,network,,,,,,,,75,,167,building,1
2019-03-29T23:24:22.341Z,32.8783253,-117.24232859999998,0,21.311999999999998,0.0,0.0,0,network,,,,,,,,75,,168,building,1
2019-03-29T23:25:42.326Z,32.8783133,-117.2423017,0,21.096999999999998,0.0,0.0,0,network,,,,,,,,74,,169,building,1
2019-03-29T23:26:43.224Z,32.8783218,-117.24232759999998,0,21.143,0.0,0.0,0,network,,,,,,,,74,,170,building,1
2019-03-29T23:27:47.723Z,32.8783247,-117.24232830000001,0,21.223000000000003,0.0,0.0,0,network,,,,,,,,74,,171,building,1
2019-03-29T23:29:07.495Z,32.878317200000005,-117.24231840000002,0,21.025,0.0,0.0,0,network,,,,,,,,74,,172,building,1
2019-03-29T23:30:08.258Z,32.8783155,-117.2423118,0,21.115,0.0,0.0,0,network,,,,,,,,73,,173,building,1
2019-03-29T23:31:10.244Z,32.878308000000004,-117.2423064,0,21.516,0.0,0.0,0,network,,,,,,,,73,,174,building,1
2019-03-29T23:32:12.397Z,32.8783002,-117.2423061,0,21.669,0.0,0.0,0,network,,,,,,,,73,,175,building,1
2019-03-29T23:33:16.353Z,32.8783085,-117.24230659999999,0,21.357,0.0,0.0,0,network,,,,,,,,73,,176,building,1
2019-03-29T23:34:53.776Z,32.8783118,-117.2423084,0,21.296999999999997,0.0,0.0,0,network,,,,,,,,73,,177,building,1
2019-03-29T23:35:55.521Z,32.8783105,-117.2423075,0,21.494,0.0,0.0,0,network,,,,,,,,73,,178,building,1
2019-03-29T23:37:16.098Z,32.8783075,-117.2423084,0,21.483,0.0,0.0,0,network,,,,,,,,73,,179,building,1
2019-03-29T23:38:59.548Z,32.878308399999995,-117.24230690000002,0,21.34,0.0,0.0,0,network,,,,,,,,73,,180,building,1
2019-03-29T23:40:00.445Z,32.8783105,-117.2423071,0,21.529,0.0,0.0,0,network,,,,,,,,73,,181,building,1
2019-03-29T23:41:21.781Z,32.8783255,-117.24232930000001,0,21.119,0.0,0.0,0,network,,,,,,,,72,,182,building,1
2019-03-29T23:42:36.532Z,32.8783247,-117.2423172,0,21.23,0.0,0.0,0,network,,,,,,,,72,,183,building,1
2019-03-29T23:43:38.336Z,32.8783248,-117.24232830000001,0,21.318,0.0,0.0,0,network,,,,,,,,72,,184,building,1
2019-03-29T23:44:48.280Z,32.8783214,-117.2423189,0,21.088,0.0,0.0,0,network,,,,,,,,72,,185,building,1
2019-03-29T23:45:49.731Z,32.8783218,-117.2423281,0,21.072,0.0,0.0,0,network,,,,,,,,72,,186,building,1
2019-03-29T23:46:43.579Z,32.878324400000004,-117.2423284,0,21.339000000000002,0.0,0.0,0,network,,,,,,,,72,,187,building,1
2019-03-29T23:48:05.164Z,32.8783131,-117.2423034,0,21.307,0.0,0.0,0,network,,,,,,,,72,,188,building,1
2019-03-29T23:49:24.601Z,32.878318699999994,-117.2423075,0,21.293000000000003,0.0,0.0,0,network,,,,,,,,71,,189,building,1
2019-03-29T23:50:57.789Z,32.878322999999995,-117.24230729999998,0,21.019000000000002,0.0,0.0,0,network,,,,,,,,71,,190,building,1
2019-03-29T23:52:16.470Z,32.8783165,-117.2423044,0,21.386,0.0,0.0,0,network,,,,,,,,71,,191,building,1
2019-03-29T23:53:35.157Z,32.8783095,-117.242309,0,20.0,0.0,0.0,0,network,,,,,,,,71,,192,building,1
2019-03-29T23:54:35.994Z,32.878318,-117.24230590000002,0,21.33,0.0,0.0,0,network,,,,,,,,71,,193,building,1
2019-03-29T23:55:19.270Z,32.8783233,-117.24231759999999,0,21.105,0.0,0.0,0,network,,,,,,,,70,,194,building,1
2019-03-29T23:56:58.478Z,32.8783236,-117.2423278,0,21.412,0.0,0.0,0,network,,,,,,,,70,,195,building,1
2019-03-29T23:58:00.515Z,32.8783218,-117.2423279,0,21.065,0.0,0.0,0,network,,,,,,,,70,,196,building,1
2019-03-29T23:59:28.717Z,32.8783227,-117.24232649999999,0,21.098000000000003,0.0,0.0,0,network,,,,,,,,70,,197,building,1
2019-03-30T00:00:25.064Z,32.878307899999996,-117.24231979999999,0,21.901999999999997,0.0,0.0,0,network,,,,,,,,70,,198,building,1
2019-03-30T00:01:41.000Z,32.87831035,-117.24254599999999,84,24.272,242.8,1.39,9,gps,,,,,,,,70,,199,building,1
2019-03-30T00:02:43.000Z,32.87930427,-117.2428364,91,13.652999999999999,357.6,1.55,12,gps,1.0,0.8,1.3,-26.0,,,,69,,200,building,1
2019-03-30T00:03:43.940Z,32.8794053,-117.2433784,0,22.293000000000003,0.0,0.0,0,network,,,,,,,,68,,201,building,1
2019-03-30T00:04:49.244Z,32.879081899999996,-117.24306200000001,0,28.436999999999998,0.0,0.0,0,network,,,,,,,,68,,202,building,1
2019-03-30T00:05:35.771Z,32.878581,-117.24272920000001,0,22.22,0.0,0.0,0,network,,,,,,,,68,,203,building,1
2019-03-30T00:07:18.747Z,32.8784802,-117.24258459999999,0,22.046,0.0,0.0,0,network,,,,,,,,68,,204,building,1
2019-03-30T00:07:44.215Z,32.87849310000001,-117.24262320000001,0,22.14,0.0,0.0,0,network,,,,,,,,68,,205,building,1
2019-03-30T00:09:32.562Z,32.878306800000004,-117.242305,0,21.498,0.0,0.0,0,network,,,,,,,,68,,206,building,1
2019-03-30T00:10:54.679Z,32.878308399999995,-117.24230759999999,0,21.44,0.0,0.0,0,network,,,,,,,,67,,207,building,1
2019-03-30T00:11:56.244Z,32.8782983,-117.24230060000001,0,22.191999999999997,0.0,0.0,0,network,,,,,,,,67,,208,building,1
2019-03-30T00:12:58.077Z,32.8783074,-117.2423048,0,21.579,0.0,0.0,0,network,,,,,,,,67,,209,building,1
2019-03-30T00:13:59.491Z,32.8782983,-117.2422975,0,23.656999999999996,0.0,0.0,0,network,,,,,,,,67,,210,building,1
2019-03-30T00:15:09.949Z,32.87831,-117.24230520000002,0,21.381999999999998,0.0,0.0,0,network,,,,,,,,67,,211,building,1
2019-03-30T00:16:11.159Z,32.8783191,-117.2423179,0,21.642,0.0,0.0,0,network,,,,,,,,67,,212,building,1
2019-03-30T00:17:53.097Z,32.8783095,-117.242309,0,28.1,0.0,0.0,0,network,,,,,,,,67,,213,building,1
2019-03-30T00:19:01.556Z,32.8783159,-117.24230520000002,0,21.229,0.0,0.0,0,network,,,,,,,,67,,214,building,1
2019-03-30T00:20:37.886Z,32.8783184,-117.2423068,0,20.939,0.0,0.0,0,network,,,,,,,,66,,215,building,1
2019-03-30T00:22:10.600Z,32.8783095,-117.242309,0,20.0,0.0,0.0,0,network,,,,,,,,66,,216,building,1
2019-03-30T00:23:12.925Z,32.8783165,-117.24230949999999,0,21.215,0.0,0.0,0,network,,,,,,,,66,,217,building,1
2019-03-30T00:24:14.281Z,32.8783095,-117.242309,0,20.0,0.0,0.0,0,network,,,,,,,,66,,218,building,1
2019-03-30T00:25:44.046Z,32.8783095,-117.242309,0,20.0,0.0,0.0,0,network,,,,,,,,66,,219,building,1
2019-03-30T00:26:44.865Z,32.8783095,-117.242309,0,20.0,0.0,0.0,0,network,,,,,,,,66,,220,building,1
2019-03-30T00:28:24.346Z,32.8783095,-117.242309,0,20.0,0.0,0.0,0,network,,,,,,,,66,,221,building,1
2019-03-30T00:29:25.751Z,32.878308000000004,-117.2423058,0,21.578000000000003,0.0,0.0,0,network,,,,,,,,66,,222,building,1
2019-03-30T00:30:40.678Z,32.8783095,-117.242309,0,20.0,0.0,0.0,0,network,,,,,,,,66,,223,building,1
2019-03-30T00:31:42.756Z,32.878309200000004,-117.24230630000001,0,20.795,0.0,0.0,0,network,,,,,,,,66,,224,building,1
2019-03-30T00:32:43.571Z,32.878314399999994,-117.2423098,0,21.118000000000002,0.0,0.0,0,network,,,,,,,,66,,225,building,1
2019-03-30T00:33:44.830Z,32.8783141,-117.2423108,0,21.221999999999998,0.0,0.0,0,network,,,,,,,,66,,226,building,1
2019-03-30T00:34:47.232Z,32.8783098,-117.2423064,0,21.268,0.0,0.0,0,network,,,,,,,,66,,227,building,1
2019-03-30T00:35:48.717Z,32.878312199999996,-117.24230370000001,0,21.511999999999997,0.0,0.0,0,network,,,,,,,,66,,228,building,1
2019-03-30T00:36:50.221Z,32.8783095,-117.242309,0,20.0,0.0,0.0,0,network,,,,,,,,66,,229,building,1
2019-03-30T00:38:30.251Z,32.8783095,-117.242309,0,20.0,0.0,0.0,0,network,,,,,,,,66,,230,building,1
2019-03-30T00:39:32.149Z,32.8783095,-117.242309,0,20.0,0.0,0.0,0,network,,,,,,,,66,,231,building,1
2019-03-30T00:40:41.448Z,32.8783095,-117.242309,0,20.0,0.0,0.0,0,network,,,,,,,,66,,232,building,1
2019-03-30T00:41:42.724Z,32.8783095,-117.242309,0,20.0,0.0,0.0,0,network,,,,,,,,66,,233,building,1
2019-03-30T00:43:22.468Z,32.8783095,-117.242309,0,20.0,0.0,0.0,0,network,,,,,,,,66,,234,building,1
2019-03-30T00:45:05.534Z,32.8783087,-117.2423065,0,20.910999999999998,0.0,0.0,0,network,,,,,,,,66,,235,building,1
2019-03-30T00:46:07.431Z,32.878318900000004,-117.24230379999999,0,21.177,0.0,0.0,0,network,,,,,,,,66,,236,building,1
2019-03-30T00:47:12.034Z,32.8783095,-117.2423057,0,21.195,0.0,0.0,0,network,,,,,,,,66,,237,building,1
2019-03-30T00:48:35.389Z,32.8783114,-117.2423106,0,20.994,0.0,0.0,0,network,,,,,,,,66,,238,building,1
2019-03-30T00:49:54.449Z,32.8783251,-117.24232859999998,0,21.27,0.0,0.0,0,network,,,,,,,,65,,239,building,1
2019-03-30T00:51:20.661Z,32.8783203,-117.2423169,0,21.191999999999997,0.0,0.0,0,network,,,,,,,,65,,240,building,1
2019-03-30T00:52:43.219Z,32.8783212,-117.24231599999999,0,21.250999999999998,0.0,0.0,0,network,,,,,,,,65,,241,building,1
2019-03-30T00:53:42.081Z,32.8783133,-117.24230390000001,0,20.967,0.0,0.0,0,network,,,,,,,,65,,242,building,1
2019-03-30T00:54:11.381Z,32.8783163,-117.24230390000001,0,21.328000000000003,0.0,0.0,0,network,,,,,,,,65,,243,building,1
2019-03-30T00:56:04.367Z,32.8783217,-117.2423061,0,21.149,0.0,0.0,0,network,,,,,,,,65,,244,building,1
2019-03-30T00:57:05.807Z,32.8783161,-117.24230990000001,0,21.244,0.0,0.0,0,network,,,,,,,,65,,245,building,1
2019-03-30T00:57:26.999Z,32.878312300000005,-117.24230559999998,0,20.779,0.0,0.0,0,network,,,,,,,,65,,246,building,1
2019-03-30T00:59:33.342Z,32.878312300000005,-117.2423058,0,21.188000000000002,0.0,0.0,0,network,,,,,,,,65,,247,building,1
2019-03-30T01:00:35.294Z,32.8783095,-117.242309,0,20.0,0.0,0.0,0,network,,,,,,,,64,,248,building,1
2019-03-30T01:01:36.770Z,32.8783169,-117.2423054,0,21.175,0.0,0.0,0,network,,,,,,,,64,,249,building,1
2019-03-30T01:03:19.950Z,32.878308000000004,-117.24230940000001,0,21.268,0.0,0.0,0,network,,,,,,,,64,,250,building,1
2019-03-30T01:04:21.588Z,32.878308000000004,-117.24230949999999,0,21.26,0.0,0.0,0,network,,,,,,,,64,,251,building,1
2019-03-30T01:05:09.143Z,32.878308399999995,-117.24230859999999,0,21.101,0.0,0.0,0,network,,,,,,,,64,,252,building,1
2019-03-30T01:06:25.846Z,32.878313399999996,-117.24231110000001,0,21.049,0.0,0.0,0,network,,,,,,,,64,,253,building,1
2019-03-30T01:08:10.380Z,32.8783184,-117.24231770000002,0,21.351999999999997,0.0,0.0,0,network,,,,,,,,64,,254,building,1
2019-03-30T01:09:45.811Z,32.878309200000004,-117.2423054,0,20.924,0.0,0.0,0,network,,,,,,,,64,,255,building,1
2019-03-30T01:10:48.467Z,32.8783095,-117.242309,0,20.0,0.0,0.0,0,network,,,,,,,,64,,256,building,1
2019-03-30T01:11:50.153Z,32.8783095,-117.242309,0,20.0,0.0,0.0,0,network,,,,,,,,64,,257,building,1
2019-03-30T01:13:11.882Z,32.8783095,-117.242309,0,20.0,0.0,0.0,0,network,,,,,,,,64,,258,building,1
2019-03-30T01:14:13.455Z,32.8783095,-117.242309,0,20.0,0.0,0.0,0,network,,,,,,,,64,,259,building,1
2019-03-30T01:15:15.158Z,32.8783205,-117.2423082,0,20.971999999999998,0.0,0.0,0,network,,,,,,,,64,,260,building,1
2019-03-30T01:16:55.845Z,32.8783095,-117.242309,0,20.0,0.0,0.0,0,network,,,,,,,,64,,261,building,1
2019-03-30T01:18:41.491Z,32.8783095,-117.242309,0,20.0,0.0,0.0,0,network,,,,,,,,64,,262,building,1
2019-03-30T01:20:03.436Z,32.8783095,-117.242309,0,20.0,0.0,0.0,0,network,,,,,,,,64,,263,building,1
2019-03-30T01:21:04.305Z,32.878323699999996,-117.24230729999998,0,21.059,0.0,0.0,0,network,,,,,,,,63,,264,building,1
2019-03-30T01:22:05.135Z,32.878328499999995,-117.24231409999999,0,21.38,0.0,0.0,0,network,,,,,,,,63,,265,building,1
2019-03-30T01:23:17.936Z,32.8783185,-117.2423068,0,21.175,0.0,0.0,0,network,,,,,,,,63,,266,building,1
2019-03-30T01:24:37.703Z,32.8783153,-117.24231019999999,0,21.165,0.0,0.0,0,network,,,,,,,,63,,267,building,1
2019-03-30T01:26:01.189Z,32.8783093,-117.2423055,0,21.184,0.0,0.0,0,network,,,,,,,,63,,268,building,1
2019-03-30T01:27:46.775Z,32.8783095,-117.242309,0,20.0,0.0,0.0,0,network,,,,,,,,63,,269,building,1
2019-03-30T01:28:48.866Z,32.8783193,-117.2423068,0,21.171999999999997,0.0,0.0,0,network,,,,,,,,63,,270,building,1
2019-03-30T01:29:50.563Z,32.8783191,-117.2423067,0,21.166999999999998,0.0,0.0,0,network,,,,,,,,63,,271,building,1
2019-03-30T01:30:55.880Z,32.8783167,-117.2423105,0,20.951999999999998,0.0,0.0,0,network,,,,,,,,63,,272,building,1
2019-03-30T01:32:05.266Z,32.8783173,-117.24230800000001,0,21.162,0.0,0.0,0,network,,,,,,,,63,,273,building,1
2019-03-30T01:33:42.076Z,32.8783153,-117.24231019999999,0,21.165,0.0,0.0,0,network,,,,,,,,63,,274,building,1
2019-03-30T01:34:44.472Z,32.878316600000005,-117.24230790000001,0,21.296999999999997,0.0,0.0,0,network,,,,,,,,63,,275,building,1
2019-03-30T01:35:46.178Z,32.8783095,-117.242309,0,20.0,0.0,0.0,0,network,,,,,,,,63,,276,building,1
2019-03-30T01:36:47.870Z,32.8783095,-117.242309,0,20.0,0.0,0.0,0,network,,,,,,,,63,,277,building,1
2019-03-30T01:38:23.696Z,32.8783095,-117.242309,0,20.0,0.0,0.0,0,network,,,,,,,,63,,278,building,1
2019-03-30T01:39:25.954Z,32.8783143,-117.24230959999998,0,21.159000000000002,0.0,0.0,0,network,,,,,,,,63,,279,building,1
2019-03-30T01:40:27.806Z,32.8783095,-117.242309,0,20.0,0.0,0.0,0,network,,,,,,,,63,,280,building,1
2019-03-30T01:42:05.212Z,32.8783095,-117.242309,0,20.0,0.0,0.0,0,network,,,,,,,,63,,281,building,1
2019-03-30T01:43:06.548Z,32.8783095,-117.242309,0,20.0,0.0,0.0,0,network,,,,,,,,63,,282,building,1
2019-03-30T01:44:08.472Z,32.8783095,-117.242309,0,20.0,0.0,0.0,0,network,,,,,,,,63,,283,building,1
2019-03-30T01:45:43.176Z,32.8783095,-117.242309,0,20.0,0.0,0.0,0,network,,,,,,,,63,,284,building,1
2019-03-30T01:46:44.848Z,32.8783095,-117.242309,0,20.0,0.0,0.0,0,network,,,,,,,,63,,285,building,1
2019-03-30T01:47:46.441Z,32.8783095,-117.242309,0,20.0,0.0,0.0,0,network,,,,,,,,63,,286,building,1
2019-03-30T01:49:25.863Z,32.8783095,-117.242309,0,20.0,0.0,0.0,0,network,,,,,,,,63,,287,building,1
2019-03-30T01:50:27.855Z,32.8783095,-117.242309,0,20.0,0.0,0.0,0,network,,,,,,,,63,,288,building,1
2019-03-30T01:52:05.295Z,32.8783095,-117.242309,0,20.0,0.0,0.0,0,network,,,,,,,,63,,289,building,1
2019-03-30T01:53:30.382Z,32.8783095,-117.242309,0,20.0,0.0,0.0,0,network,,,,,,,,63,,290,building,1
2019-03-30T01:54:47.985Z,32.8783095,-117.242309,0,20.0,0.0,0.0,0,network,,,,,,,,63,,291,building,1
2019-03-30T01:55:48.822Z,32.8783195,-117.2423155,0,21.017,0.0,0.0,0,network,,,,,,,,63,,292,building,1
2019-03-30T01:57:29.419Z,32.8783156,-117.24231,0,21.232,0.0,0.0,0,network,,,,,,,,63,,293,building,1
2019-03-30T01:58:31.014Z,32.878312199999996,-117.2423042,0,21.066,0.0,0.0,0,network,,,,,,,,63,,294,building,1
2019-03-30T02:00:03.366Z,32.8783184,-117.2423068,0,20.901,0.0,0.0,0,network,,,,,,,,63,,295,building,1
2019-03-30T02:01:04.604Z,32.878309200000004,-117.24230700000001,0,21.266,0.0,0.0,0,network,,,,,,,,63,,296,building,1
2019-03-30T02:02:06.645Z,32.8783099,-117.2423055,0,21.136,0.0,0.0,0,network,,,,,,,,63,,297,building,1
2019-03-30T02:03:07.775Z,32.878318,-117.24230779999999,0,21.186,0.0,0.0,0,network,,,,,,,,62,,298,building,1
2019-03-30T02:04:09.668Z,32.8783206,-117.2423091,0,21.271,0.0,0.0,0,network,,,,,,,,62,,299,building,1
2019-03-30T02:05:49.671Z,32.8783174,-117.24230929999999,0,21.31,0.0,0.0,0,network,,,,,,,,62,,300,building,1
2019-03-30T02:06:50.584Z,32.8783174,-117.2423092,0,21.303,0.0,0.0,0,network,,,,,,,,62,,301,building,1
2019-03-30T02:07:53.552Z,32.878318199999995,-117.2423081,0,21.236,0.0,0.0,0,network,,,,,,,,62,,302,building,1
2019-03-30T02:08:59.290Z,32.878316,-117.2423091,0,21.3,0.0,0.0,0,network,,,,,,,,62,,303,building,1
2019-03-30T02:10:00.339Z,32.8783169,-117.242309,0,21.3,0.0,0.0,0,network,,,,,,,,62,,304,building,1
2019-03-30T02:11:43.578Z,32.878321299999996,-117.2423082,0,21.105,0.0,0.0,0,network,,,,,,,,62,,305,building,1
2019-03-30T02:13:23.364Z,32.878322,-117.24230700000001,0,21.118000000000002,0.0,0.0,0,network,,,,,,,,62,,306,building,1
2019-03-30T02:14:24.852Z,32.878316399999996,-117.24230870000001,0,21.307,0.0,0.0,0,network,,,,,,,,62,,307,building,1
2019-03-30T02:15:26.567Z,32.8783167,-117.24230890000001,0,21.294,0.0,0.0,0,network,,,,,,,,62,,308,building,1
2019-03-30T02:16:27.869Z,32.8783197,-117.24230859999999,0,21.204,0.0,0.0,0,network,,,,,,,,62,,309,building,1
2019-03-30T02:18:11.786Z,32.8783192,-117.2423084,0,21.253,0.0,0.0,0,network,,,,,,,,62,,310,building,1
2019-03-30T02:19:13.848Z,32.878316999999996,-117.24230940000001,0,21.288,0.0,0.0,0,network,,,,,,,,61,,311,building,1
2019-03-30T02:20:18.458Z,32.8783173,-117.2423101,0,21.209,0.0,0.0,0,network,,,,,,,,61,,312,building,1
2019-03-30T02:21:48.814Z,32.8783179,-117.2423092,0,21.315,0.0,0.0,0,network,,,,,,,,61,,313,building,1
2019-03-30T02:23:23.484Z,32.8783093,-117.2423061,0,20.823,0.0,0.0,0,network,,,,,,,,61,,314,building,1
2019-03-30T02:24:24.408Z,32.8783165,-117.24230890000001,0,21.283,0.0,0.0,0,network,,,,,,,,61,,315,building,1
2019-03-30T02:25:26.457Z,32.8783165,-117.24230890000001,0,21.283,0.0,0.0,0,network,,,,,,,,61,,316,building,1
2019-03-30T02:26:28.222Z,32.8783167,-117.2423088,0,21.29,0.0,0.0,0,network,,,,,,,,61,,317,building,1
2019-03-30T02:27:48.781Z,32.8783209,-117.242306,0,21.186,0.0,0.0,0,network,,,,,,,,61,,318,building,1
2019-03-30T02:28:50.874Z,32.8783165,-117.24230890000001,0,21.283,0.0,0.0,0,network,,,,,,,,61,,319,building,1
2019-03-30T02:29:51.893Z,32.8783168,-117.2423088,0,21.291999999999998,0.0,0.0,0,network,,,,,,,,61,,320,building,1
2019-03-30T02:30:53.704Z,32.8783177,-117.2423092,0,21.298000000000002,0.0,0.0,0,network,,,,,,,,61,,321,building,1
2019-03-30T02:31:55.865Z,32.8783216,-117.242306,0,21.199,0.0,0.0,0,network,,,,,,,,61,,322,building,1
2019-03-30T02:33:23.660Z,32.878321500000006,-117.2423065,0,21.201999999999998,0.0,0.0,0,network,,,,,,,,61,,323,building,1
2019-03-30T02:34:25.162Z,32.8783177,-117.2423092,0,21.305,0.0,0.0,0,network,,,,,,,,61,,324,building,1
2019-03-30T02:35:53.118Z,32.8783208,-117.24230990000001,0,21.125,0.0,0.0,0,network,,,,,,,,61,,325,building,1
2019-03-30T02:36:54.933Z,32.878317800000005,-117.2423088,0,21.303,0.0,0.0,0,network,,,,,,,,61,,326,building,1
2019-03-30T02:37:56.485Z,32.878316600000005,-117.2423088,0,21.287,0.0,0.0,0,network,,,,,,,,61,,327,building,1
2019-03-30T02:38:58.075Z,32.8783173,-117.2423092,0,21.301,0.0,0.0,0,network,,,,,,,,61,,328,building,1
2019-03-30T02:39:59.456Z,32.8783168,-117.2423098,0,21.217,0.0,0.0,0,network,,,,,,,,61,,329,building,1
2019-03-30T02:41:00.312Z,32.8783167,-117.24230990000001,0,21.214000000000002,0.0,0.0,0,network,,,,,,,,61,,330,building,1
2019-03-30T02:42:01.659Z,32.878317100000004,-117.2423097,0,21.224,0.0,0.0,0,network,,,,,,,,61,,331,building,1
2019-03-30T02:43:23.658Z,32.8783248,-117.2423085,0,20.930999999999997,0.0,0.0,0,network,,,,,,,,61,,332,building,1
2019-03-30T02:44:24.852Z,32.878318,-117.24230790000001,0,21.212,0.0,0.0,0,network,,,,,,,,61,,333,building,1
2019-03-30T02:45:26.742Z,32.878318,-117.2423088,0,21.066999999999997,0.0,0.0,0,network,,,,,,,,61,,334,building,1
2019-03-30T02:46:29.068Z,32.8783161,-117.2423088,0,21.296,0.0,0.0,0,network,,,,,,,,61,,335,building,1
2019-03-30T02:48:03.296Z,32.8783095,-117.242309,0,20.0,0.0,0.0,0,network,,,,,,,,61,,336,building,1
2019-03-30T02:49:24.593Z,32.8783177,-117.24230890000001,0,21.31,0.0,0.0,0,network,,,,,,,,61,,337,building,1
2019-03-30T02:50:26.409Z,32.8783203,-117.24230870000001,0,21.245,0.0,0.0,0,network,,,,,,,,60,,338,building,1
2019-03-30T02:52:01.436Z,32.878309,-117.24230690000002,0,21.079,0.0,0.0,0,network,,,,,,,,60,,339,building,1
2019-03-30T02:53:25.074Z,32.878317200000005,-117.242309,0,21.281999999999996,0.0,0.0,0,network,,,,,,,,60,,340,building,1
2019-03-30T02:54:27.316Z,32.878317100000004,-117.2423091,0,21.291999999999998,0.0,0.0,0,network,,,,,,,,60,,341,building,1
2019-03-30T02:55:28.831Z,32.87832,-117.24230829999999,0,21.215,0.0,0.0,0,network,,,,,,,,60,,342,building,1
2019-03-30T02:56:29.703Z,32.8783173,-117.242309,0,21.294,0.0,0.0,0,network,,,,,,,,60,,343,building,1
2019-03-30T02:57:30.921Z,32.8783174,-117.242309,0,21.287,0.0,0.0,0,network,,,,,,,,60,,344,building,1
2019-03-30T02:58:33.549Z,32.878316600000005,-117.24230890000001,0,21.287,0.0,0.0,0,network,,,,,,,,60,,345,building,1
2019-03-30T02:59:34.964Z,32.878316,-117.24230890000001,0,21.289,0.0,0.0,0,network,,,,,,,,60,,346,building,1
2019-03-30T03:00:37.072Z,32.8783168,-117.242309,0,21.296999999999997,0.0,0.0,0,network,,,,,,,,60,,347,building,1
2019-03-30T03:01:39.361Z,32.878321299999996,-117.2423061,0,21.179000000000002,0.0,0.0,0,network,,,,,,,,60,,348,building,1
2019-03-30T03:02:41.223Z,32.8783177,-117.24230929999999,0,21.284000000000002,0.0,0.0,0,network,,,,,,,,60,,349,building,1
2019-03-30T03:03:43.178Z,32.878317200000005,-117.242309,0,21.288,0.0,0.0,0,network,,,,,,,,60,,350,building,1
2019-03-30T03:04:45.357Z,32.8783193,-117.2423085,0,21.219,0.0,0.0,0,network,,,,,,,,60,,351,building,1
2019-03-30T03:05:47.999Z,32.8783179,-117.2423091,0,21.305,0.0,0.0,0,network,,,,,,,,60,,352,building,1
2019-03-30T03:07:06.877Z,32.8783197,-117.2423085,0,21.211,0.0,0.0,0,network,,,,,,,,60,,353,building,1
2019-03-30T03:08:08.985Z,32.8783203,-117.24230870000001,0,21.245,0.0,0.0,0,network,,,,,,,,60,,354,building,1
2019-03-30T03:09:10.169Z,32.878316399999996,-117.2423088,0,21.291999999999998,0.0,0.0,0,network,,,,,,,,60,,355,building,1
2019-03-30T03:10:11.800Z,32.8783181,-117.2423082,0,21.214000000000002,0.0,0.0,0,network,,,,,,,,60,,356,building,1
2019-03-30T03:11:13.337Z,32.8783174,-117.2423091,0,21.3,0.0,0.0,0,network,,,,,,,,60,,357,building,1
2019-03-30T03:12:15.648Z,32.878316600000005,-117.2423091,0,21.296,0.0,0.0,0,network,,,,,,,,60,,358,building,1
2019-03-30T03:13:50.317Z,32.8783104,-117.2423058,0,21.064,0.0,0.0,0,network,,,,,,,,60,,359,building,1
2019-03-30T03:14:51.868Z,32.8783173,-117.24230790000001,0,21.214000000000002,0.0,0.0,0,network,,,,,,,,60,,360,building,1
2019-03-30T03:15:53.615Z,32.8783161,-117.24230890000001,0,21.295,0.0,0.0,0,network,,,,,,,,60,,361,building,1
2019-03-30T03:16:55.332Z,32.8783169,-117.242309,0,21.305,0.0,0.0,0,network,,,,,,,,60,,362,building,1
2019-03-30T03:17:56.850Z,32.8783175,-117.2423092,0,21.291,0.0,0.0,0,network,,,,,,,,60,,363,building,1
2019-03-30T03:19:26.070Z,32.878317100000004,-117.2423091,0,21.289,0.0,0.0,0,network,,,,,,,,60,,364,building,1
2019-03-30T03:20:27.825Z,32.878316399999996,-117.24230859999999,0,21.294,0.0,0.0,0,network,,,,,,,,60,,365,building,1
2019-03-30T03:22:12.382Z,32.878318900000004,-117.2423084,0,21.246,0.0,0.0,0,network,,,,,,,,60,,366,building,1
2019-03-30T03:23:51.000Z,32.8783173,-117.24231040000001,0,21.22,0.0,0.0,0,network,,,,,,,,58,,367,building,1
2019-03-30T03:24:52.128Z,32.8783174,-117.2423091,0,21.305,0.0,0.0,0,network,,,,,,,,58,,368,building,1
2019-03-30T03:26:27.850Z,32.8783152,-117.24230829999999,0,21.288,0.0,0.0,0,network,,,,,,,,58,,369,building,1
2019-03-30T03:27:49.449Z,32.878318699999994,-117.2423081,0,21.213,0.0,0.0,0,network,,,,,,,,58,,370,building,1
2019-03-30T03:28:50.903Z,32.8783162,-117.24230859999999,0,21.283,0.0,0.0,0,network,,,,,,,,58,,371,building,1
2019-03-30T03:29:52.970Z,32.8783161,-117.2423088,0,21.289,0.0,0.0,0,network,,,,,,,,58,,372,building,1
2019-03-30T03:30:55.035Z,32.8783162,-117.24230859999999,0,21.29,0.0,0.0,0,network,,,,,,,,58,,373,building,1
2019-03-30T03:32:29.309Z,32.8783165,-117.24230890000001,0,21.276,0.0,0.0,0,network,,,,,,,,58,,374,building,1
2019-03-30T03:33:53.318Z,32.8783095,-117.242309,0,20.0,0.0,0.0,0,network,,,,,,,,58,,375,building,1
2019-03-30T03:34:55.174Z,32.8783095,-117.242309,0,20.0,0.0,0.0,0,network,,,,,,,,58,,376,building,1
2019-03-30T03:35:57.463Z,32.8783095,-117.242309,0,20.0,0.0,0.0,0,network,,,,,,,,58,,377,building,1
2019-03-30T03:36:58.274Z,32.8783088,-117.2423057,0,21.298000000000002,0.0,0.0,0,network,,,,,,,,58,,378,building,1
2019-03-30T03:38:00.143Z,32.8783095,-117.242309,0,20.0,0.0,0.0,0,network,,,,,,,,58,,379,building,1
2019-03-30T03:39:02.191Z,32.8783095,-117.242309,0,20.0,0.0,0.0,0,network,,,,,,,,58,,380,building,1
2019-03-30T03:40:03.478Z,32.87831,-117.24230459999998,0,20.918000000000003,0.0,0.0,0,network,,,,,,,,58,,381,building,1
2019-03-30T03:41:04.688Z,32.8783095,-117.242309,0,20.0,0.0,0.0,0,network,,,,,,,,58,,382,building,1
2019-03-30T03:42:06.397Z,32.878316999999996,-117.24230779999999,0,21.248,0.0,0.0,0,network,,,,,,,,58,,383,building,1
2019-03-30T03:43:08.265Z,32.8783173,-117.24230619999999,0,21.11,0.0,0.0,0,network,,,,,,,,58,,384,building,1
2019-03-30T03:44:10.152Z,32.8783153,-117.24231019999999,0,21.142,0.0,0.0,0,network,,,,,,,,58,,385,building,1
2019-03-30T03:45:12.337Z,32.8783095,-117.242309,0,20.0,0.0,0.0,0,network,,,,,,,,58,,386,building,1
2019-03-30T03:46:14.288Z,32.8783095,-117.242309,0,20.0,0.0,0.0,0,network,,,,,,,,58,,387,building,1
2019-03-30T03:47:42.858Z,32.8783095,-117.242309,0,20.0,0.0,0.0,0,network,,,,,,,,58,,388,building,1
2019-03-30T03:49:26.309Z,32.8783095,-117.242309,0,20.0,0.0,0.0,0,network,,,,,,,,58,,389,building,1
2019-03-30T03:51:11.122Z,32.878318900000004,-117.242309,0,21.142,0.0,0.0,0,network,,,,,,,,58,,390,building,1
2019-03-30T03:52:13.223Z,32.8783087,-117.2423055,0,21.057,0.0,0.0,0,network,,,,,,,,58,,391,building,1
2019-03-30T03:53:51.151Z,32.8783095,-117.242309,0,20.0,0.0,0.0,0,network,,,,,,,,58,,392,building,1
2019-03-30T03:54:53.050Z,32.8783218,-117.2423098,0,21.098000000000003,0.0,0.0,0,network,,,,,,,,58,,393,building,1
2019-03-30T03:55:53.894Z,32.8783176,-117.2423101,0,21.204,0.0,0.0,0,network,,,,,,,,58,,394,building,1
2019-03-30T03:57:30.724Z,32.8783093,-117.24230559999998,0,20.82,0.0,0.0,0,network,,,,,,,,58,,395,building,1
2019-03-30T03:58:44.828Z,32.8783209,-117.2423092,0,21.064,0.0,0.0,0,network,,,,,,,,58,,396,building,1
2019-03-30T03:59:46.592Z,32.8783262,-117.2423088,0,20.894000000000002,0.0,0.0,0,network,,,,,,,,58,,397,building,1
2019-03-30T04:00:48.624Z,32.878322,-117.24230829999999,0,21.241999999999997,0.0,0.0,0,network,,,,,,,,58,,398,building,1
2019-03-30T04:01:49.974Z,32.8783153,-117.24230630000001,0,20.891,0.0,0.0,0,network,,,,,,,,58,,399,building,1
2019-03-30T04:02:51.087Z,32.8783095,-117.242309,0,20.0,0.0,0.0,0,network,,,,,,,,58,,400,building,1
2019-03-30T04:04:29.049Z,32.8783095,-117.242309,0,20.0,0.0,0.0,0,network,,,,,,,,58,,401,building,1
2019-03-30T04:05:29.886Z,32.8783095,-117.242309,0,20.0,0.0,0.0,0,network,,,,,,,,58,,402,building,1
2019-03-30T04:07:08.900Z,32.878307799999995,-117.24230690000002,0,21.073,0.0,0.0,0,network,,,,,,,,58,,403,building,1
2019-03-30T04:08:47.558Z,32.878309200000004,-117.24230520000002,0,20.898000000000003,0.0,0.0,0,network,,,,,,,,58,,404,building,1
2019-03-30T04:09:48.481Z,32.87832,-117.2423097,0,22.054000000000002,0.0,0.0,0,network,,,,,,,,58,,405,building,1
2019-03-30T04:10:50.376Z,32.8783251,-117.24230800000001,0,21.148000000000003,0.0,0.0,0,network,,,,,,,,58,,406,building,1
2019-03-30T04:11:52.254Z,32.8783184,-117.2423091,0,21.295,0.0,0.0,0,network,,,,,,,,58,,407,building,1
2019-03-30T04:12:55.494Z,32.8783157,-117.24230870000001,0,21.31,0.0,0.0,0,network,,,,,,,,58,,408,building,1
2019-03-30T04:13:56.981Z,32.8783095,-117.242309,0,20.0,0.0,0.0,0,network,,,,,,,,58,,409,building,1
2019-03-30T04:15:31.647Z,32.8783095,-117.242309,0,20.0,0.0,0.0,0,network,,,,,,,,58,,410,building,1
2019-03-30T04:16:54.586Z,32.8783095,-117.242309,0,20.0,0.0,0.0,0,network,,,,,,,,58,,411,building,1
2019-03-30T04:18:11.134Z,32.878309,-117.2423055,0,20.898000000000003,0.0,0.0,0,network,,,,,,,,58,,412,building,1
2019-03-30T04:19:13.870Z,32.8783095,-117.242309,0,20.0,0.0,0.0,0,network,,,,,,,,58,,413,building,1
2019-03-30T04:20:14.807Z,32.8783152,-117.2423081,0,21.136999999999997,0.0,0.0,0,network,,,,,,,,58,,414,building,1
2019-03-30T04:21:15.616Z,32.8783091,-117.2423058,0,20.88,0.0,0.0,0,network,,,,,,,,58,,415,building,1
2019-03-30T04:22:18.148Z,32.878309,-117.2423054,0,20.903000000000002,0.0,0.0,0,network,,,,,,,,58,,416,building,1
2019-03-30T04:23:49.187Z,32.8783095,-117.242309,0,20.0,0.0,0.0,0,network,,,,,,,,58,,417,building,1
2019-03-30T04:25:33.876Z,32.8783095,-117.242309,0,20.0,0.0,0.0,0,network,,,,,,,,58,,418,building,1
2019-03-30T04:26:35.444Z,32.8783095,-117.242309,0,20.0,0.0,0.0,0,network,,,,,,,,58,,419,building,1
2019-03-30T04:28:17.265Z,32.8783095,-117.242309,0,20.0,0.0,0.0,0,network,,,,,,,,58,,420,building,1
2019-03-30T04:29:18.802Z,32.8783095,-117.242309,0,20.0,0.0,0.0,0,network,,,,,,,,58,,421,building,1
2019-03-30T04:30:20.411Z,32.8783162,-117.24230829999999,0,21.14,0.0,0.0,0,network,,,,,,,,58,,422,building,1
2019-03-30T04:31:22.362Z,32.8783156,-117.24230790000001,0,21.127,0.0,0.0,0,network,,,,,,,,58,,423,building,1
2019-03-30T04:32:38.850Z,32.8783095,-117.242309,0,20.0,0.0,0.0,0,network,,,,,,,,58,,424,building,1
2019-03-30T04:33:40.480Z,32.8783095,-117.242309,0,20.0,0.0,0.0,0,network,,,,,,,,58,,425,building,1
2019-03-30T04:34:42.873Z,32.8783096,-117.2423047,0,21.068,0.0,0.0,0,network,,,,,,,,58,,426,building,1
2019-03-30T04:35:44.109Z,32.8783095,-117.242309,0,20.0,0.0,0.0,0,network,,,,,,,,57,,427,building,1
2019-03-30T04:36:46.344Z,32.8783095,-117.242309,0,20.0,0.0,0.0,0,network,,,,,,,,57,,428,building,1
2019-03-30T04:37:48.069Z,32.878319,-117.24230859999999,0,21.160999999999998,0.0,0.0,0,network,,,,,,,,57,,429,building,1
2019-03-30T04:38:49.710Z,32.8783083,-117.24230530000001,0,21.070999999999998,0.0,0.0,0,network,,,,,,,,57,,430,building,1
2019-03-30T04:39:51.132Z,32.8783095,-117.242309,0,20.0,0.0,0.0,0,network,,,,,,,,57,,431,building,1
2019-03-30T04:40:51.970Z,32.878318199999995,-117.2423072,0,20.916,0.0,0.0,0,network,,,,,,,,57,,432,building,1
2019-03-30T04:42:02.318Z,32.8783095,-117.242309,0,20.0,0.0,0.0,0,network,,,,,,,,57,,433,building,1
2019-03-30T04:43:23.876Z,32.8783095,-117.242309,0,20.0,0.0,0.0,0,network,,,,,,,,57,,434,building,1
2019-03-30T04:44:25.716Z,32.8783095,-117.242309,0,20.0,0.0,0.0,0,network,,,,,,,,57,,435,building,1
2019-03-30T04:45:44.706Z,32.8783095,-117.242309,0,20.0,0.0,0.0,0,network,,,,,,,,57,,436,building,1
2019-03-30T04:46:46.343Z,32.8783211,-117.24231040000001,0,20.951,0.0,0.0,0,network,,,,,,,,57,,437,building,1
2019-03-30T04:47:48.191Z,32.878316399999996,-117.24230829999999,0,21.228,0.0,0.0,0,network,,,,,,,,57,,438,building,1
2019-03-30T04:49:24.549Z,32.8783095,-117.242309,0,20.0,0.0,0.0,0,network,,,,,,,,57,,439,building,1
2019-03-30T04:50:25.911Z,32.8783143,-117.2423065,0,20.905,0.0,0.0,0,network,,,,,,,,57,,440,building,1
2019-03-30T04:51:27.822Z,32.8783095,-117.242309,0,20.0,0.0,0.0,0,network,,,,,,,,57,,441,building,1
2019-03-30T04:53:14.130Z,32.8783095,-117.242309,0,20.0,0.0,0.0,0,network,,,,,,,,57,,442,building,1
2019-03-30T04:54:25.352Z,32.8783099,-117.24230459999998,0,20.910999999999998,0.0,0.0,0,network,,,,,,,,57,,443,building,1
2019-03-30T04:55:44.885Z,32.8783095,-117.242309,0,20.0,0.0,0.0,0,network,,,,,,,,57,,444,building,1
2019-03-30T04:56:46.930Z,32.8783095,-117.242309,0,20.0,0.0,0.0,0,network,,,,,,,,57,,445,building,1
2019-03-30T04:58:08.980Z,32.8783206,-117.24230890000001,0,21.127,0.0,0.0,0,network,,,,,,,,57,,446,building,1
2019-03-30T04:59:10.419Z,32.8783101,-117.24230459999998,0,20.91,0.0,0.0,0,network,,,,,,,,57,,447,building,1
2019-03-30T05:00:30.562Z,32.8783209,-117.2423072,0,21.147,0.0,0.0,0,network,,,,,,,,57,,448,building,1
2019-03-30T05:01:32.175Z,32.878309,-117.24230530000001,0,20.899,0.0,0.0,0,network,,,,,,,,57,,449,building,1
2019-03-30T05:02:34.195Z,32.878317100000004,-117.2423074,0,21.265,0.0,0.0,0,network,,,,,,,,57,,450,building,1
2019-03-30T05:03:36.070Z,32.8783095,-117.242309,0,20.0,0.0,0.0,0,network,,,,,,,,57,,451,building,1
2019-03-30T05:04:37.514Z,32.8783217,-117.24230759999999,0,21.169,0.0,0.0,0,network,,,,,,,,57,,452,building,1
2019-03-30T05:05:45.001Z,32.8783103,-117.24230459999998,0,20.915,0.0,0.0,0,network,,,,,,,,57,,453,building,1
2019-03-30T05:06:54.275Z,32.8783157,-117.242306,0,21.131999999999998,0.0,0.0,0,network,,,,,,,,57,,454,building,1
2019-03-30T05:07:55.724Z,32.8783095,-117.242309,0,20.0,0.0,0.0,0,network,,,,,,,,57,,455,building,1
2019-03-30T05:09:11.481Z,32.8783095,-117.242309,0,20.0,0.0,0.0,0,network,,,,,,,,57,,456,building,1
2019-03-30T05:10:26.937Z,32.8783101,-117.24230459999998,0,20.901,0.0,0.0,0,network,,,,,,,,57,,457,building,1
2019-03-30T05:11:28.155Z,32.8783095,-117.242309,0,20.0,0.0,0.0,0,network,,,,,,,,57,,458,building,1
2019-03-30T05:12:44.655Z,32.8783095,-117.242309,0,20.0,0.0,0.0,0,network,,,,,,,,57,,459,building,1
2019-03-30T05:14:26.906Z,32.8783095,-117.242309,0,20.0,0.0,0.0,0,network,,,,,,,,57,,460,building,1
2019-03-30T05:15:45.087Z,32.8783096,-117.2423047,0,20.932,0.0,0.0,0,network,,,,,,,,57,,461,building,1
2019-03-30T05:16:46.711Z,32.8783143,-117.2423065,0,20.905,0.0,0.0,0,network,,,,,,,,56,,462,building,1
2019-03-30T05:18:28.779Z,32.8783095,-117.242309,0,20.0,0.0,0.0,0,network,,,,,,,,56,,463,building,1
2019-03-30T05:20:07.296Z,32.8783095,-117.242309,0,20.0,0.0,0.0,0,network,,,,,,,,56,,464,building,1
2019-03-30T05:21:08.460Z,32.8783095,-117.242309,0,20.0,0.0,0.0,0,network,,,,,,,,56,,465,building,1
2019-03-30T05:22:12.243Z,32.878309,-117.24230559999998,0,20.905,0.0,0.0,0,network,,,,,,,,56,,466,building,1
2019-03-30T05:23:57.067Z,32.8783212,-117.2423058,0,21.215,0.0,0.0,0,network,,,,,,,,55,,467,building,1
2019-03-30T05:25:16.920Z,32.8783192,-117.2423088,0,21.058000000000003,0.0,0.0,0,network,,,,,,,,55,,468,building,1
2019-03-30T05:26:37.411Z,32.8783095,-117.242309,0,20.0,0.0,0.0,0,network,,,,,,,,55,,469,building,1
