time,latitude,longitude,isDataPoint,within15(M),distanceFromSensor(M),distanceFromSupercomputerSensor(M),insideOutsideVal,locationType:,speed(M/s)
2019-03-30T12:58,32.878309200000004,-117.2423058,TRUE,1,0,709.07785,Inside,building,0.000000
2019-03-30T12:59,32.878309,-117.242307,FALSE,1,0.150343,709.07785,Inside,building,0.002506
2019-03-30T13:00,32.8783095,-117.242309,TRUE,1,0.30068599,709.14626,Inside,building,0.002506
2019-03-30T13:01,32.8783159,-117.2423074,TRUE,1,0.75984128,708.42562,Inside,building,0.007653
2019-03-30T13:02,32.8783087,-117.2423055,TRUE,1,0.062257007,709.1209,Inside,building,-0.011626
2019-03-30T13:03,32.8783128,-117.24230690000002,TRUE,1,0.41327164,708.73487,Inside,building,0.005850
2019-03-30T13:04,32.8783161,-117.2423084,TRUE,1,0.80474614,708.4359,Inside,building,0.006525
2019-03-30T13:05,32.8783087,-117.2423061,TRUE,1,0.062257007,709.13961,Inside,building,-0.012375
2019-03-30T13:06,32.8783095,-117.242309,TRUE,1,0.30068599,709.14626,Inside,building,0.003974
2019-03-30T13:07,32.878310,-117.242309,FALSE,1,0.30068599,709.14626,Inside,building,0.000000
2019-03-30T13:08,32.8783095,-117.242309,TRUE,1,0.30068599,709.14626,Inside,building,0.000000
2019-03-30T13:09,32.8783181,-117.242309,TRUE,1,1.0337681,708.24508,Inside,building,0.012218
2019-03-30T13:10,32.878318699999994,-117.2423092,TRUE,1,1.1030366,708.18847,Inside,building,0.001154
2019-03-30T13:11,32.8783175,-117.242306,TRUE,1,0.92310685,708.21423,Inside,building,-0.002999
2019-03-30T13:12,32.878315,-117.2423075,TRUE,1,0.66418226,708.52305,Inside,building,-0.004315
2019-03-30T13:13,32.8783145,-117.24230729999998,TRUE,1,0.60575155,708.5692,Inside,building,-0.000974
2019-03-30T13:14,32.8783129,-117.2423064,TRUE,1,0.41521904,708.70878,Inside,building,-0.003176
2019-03-30T13:15,32.8783162,-117.24230659999999,TRUE,1,0.78194148,708.36919,Inside,building,0.006112
2019-03-30T13:16,32.878316,-117.242307,FALSE,1,0.71895416,708.36919,Inside,building,-0.001050
2019-03-30T13:17,32.8783149,-117.24230790000001,TRUE,1,0.66345646,708.54602,Inside,building,-0.000925
2019-03-30T13:18,32.878316,-117.242308,FALSE,1,0.73231726,708.54602,Inside,building,0.001148
2019-03-30T13:19,32.8783163,-117.2423074,TRUE,1,0.80349846,708.3837,Inside,building,0.001186
2019-03-30T13:20,32.8783147,-117.24230729999998,TRUE,1,0.62740884,708.54824,Inside,building,-0.002935
2019-03-30T13:21,32.8783107,-117.24230449999999,TRUE,1,0.20629486,708.8801,Inside,building,-0.007019
2019-03-30T13:22,32.878310600000006,-117.24230459999998,TRUE,1,0.19181179,708.8937,Inside,building,-0.000241
2019-03-30T13:23,32.8783102,-117.24230530000001,TRUE,1,0.12060045,708.95745,Inside,building,-0.001187
2019-03-30T13:24,32.8783107,-117.24230449999999,TRUE,1,0.20629486,708.8801,Inside,building,0.001428
2019-03-30T13:25,32.878312,-117.242306,FALSE,1,0.31745543,708.8801,Inside,building,0.001853
2019-03-30T13:26,32.878313399999996,-117.2423067,TRUE,1,0.47452099,708.66575,Inside,building,0.002618
2019-03-30T13:27,32.8783095,-117.242309,TRUE,1,0.30068599,709.14626,Inside,building,-0.002897
2019-03-30T13:28,32.8783091,-117.24230559999998,TRUE,1,0.021736341,709.0821,Inside,building,-0.004649
2019-03-30T13:29,32.878315,-117.2423074,TRUE,1,0.66201228,708.51993,Inside,building,0.010671
2019-03-30T13:30,32.8783193,-117.2423108,TRUE,1,1.2162645,708.17564,Inside,building,0.009238
2019-03-30T13:31,32.8783262,-117.24230949999999,TRUE,1,1.9216325,707.41208,Inside,building,0.011756
2019-03-30T13:32,32.878318900000004,-117.24230890000001,TRUE,1,1.1167647,708.15813,Inside,building,-0.013414
2019-03-30T13:33,32.878314,-117.242309,FALSE,1,0.62899783,708.15813,Inside,building,-0.008129
2019-03-30T13:34,32.8783095,-117.242309,TRUE,1,0.30068599,709.14626,Inside,building,-0.005472
2019-03-30T13:35,32.8783097,-117.2423055,TRUE,1,0.062257006,709.01609,Inside,building,-0.003974
2019-03-30T13:36,32.8783089,-117.2423057,TRUE,1,0.034640936,709.10618,Inside,building,-0.000460
2019-03-30T13:37,32.8783186,-117.24230890000001,TRUE,1,1.084581,708.18957,Inside,building,0.017499
2019-03-30T13:38,32.878322,-117.24231129999998,TRUE,1,1.5131318,707.90843,Inside,building,0.007143
2019-03-30T13:39,32.878321,-117.242310,FALSE,1,1.35623,707.90843,Inside,building,-0.002615
2019-03-30T13:40,32.8783197,-117.24230890000001,TRUE,1,1.2029009,708.07431,Inside,building,-0.002555
2019-03-30T13:41,32.8783239,-117.2423084,TRUE,1,1.6524998,707.61862,Inside,building,0.007493
2019-03-30T13:42,32.878309200000004,-117.24230530000001,TRUE,1,0.046692163,709.06226,Inside,building,-0.026763
2019-03-30T13:43,32.8783095,-117.242309,TRUE,1,0.30068599,709.14626,Inside,building,0.004233
2019-03-30T13:44,32.8783095,-117.242309,TRUE,1,0.30068599,709.14626,Inside,building,0.000000
2019-03-30T13:45,32.878310,-117.242309,FALSE,1,0.30068599,709.14626,Inside,building,0.000000
2019-03-30T13:46,32.8783095,-117.242309,TRUE,1,0.30068599,709.14626,Inside,building,0.000000
2019-03-30T13:47,32.8783143,-117.24230829999999,TRUE,1,0.61326968,708.62139,Inside,building,0.005210
2019-03-30T13:48,32.8783095,-117.242309,TRUE,1,0.30068599,709.14626,Inside,building,-0.005210
2019-03-30T13:49,32.8783157,-117.2423082,TRUE,1,0.75671858,708.47156,Inside,building,0.007601
2019-03-30T13:50,32.878318699999994,-117.24230779999999,TRUE,1,1.0727356,708.14471,Inside,building,0.005267
2019-03-30T13:51,32.878317,-117.242307,FALSE,1,0.86209736,708.14471,Inside,building,-0.003511
2019-03-30T13:52,32.878315,-117.2423068,TRUE,1,0.65165641,708.50119,Inside,building,-0.003507
2019-03-30T13:53,32.8783095,-117.242309,TRUE,1,0.30068599,709.14626,Inside,building,-0.005850
2019-03-30T13:54,32.878314,-117.242308,FALSE,1,0.56731938,709.14626,Inside,building,0.004444
2019-03-30T13:55,32.878318199999995,-117.24230759999999,TRUE,1,1.0147729,708.19085,Inside,building,0.007458
2019-03-30T13:56,32.8783169,-117.2423085,TRUE,1,0.89255445,708.35519,Inside,building,-0.002037
2019-03-30T13:57,32.8783158,-117.24230829999999,TRUE,1,0.77012555,708.46421,Inside,building,-0.002040
2019-03-30T13:58,32.878315,-117.242309,FALSE,1,0.73047858,708.46421,Inside,building,-0.000661
2019-03-30T13:59,32.8783149,-117.2423088,TRUE,1,0.69296622,708.57414,Inside,building,-0.000625
2019-03-30T14:00,32.8783104,-117.24230459999998,TRUE,1,0.17424787,708.91466,Inside,building,-0.008645
2019-03-30T14:01,32.8783167,-117.2423084,TRUE,1,0.86858736,708.37302,Inside,building,0.011572
2019-03-30T14:02,32.8783087,-117.2423057,TRUE,1,0.056376275,709.12714,Inside,building,-0.013537
2019-03-30T14:03,32.8783201,-117.24230759999999,TRUE,1,1.2236252,707.99176,Inside,building,0.019454
2019-03-30T14:04,32.878309,-117.2423048,TRUE,1,0.095995861,709.06764,Inside,building,-0.018794
2019-03-30T14:05,32.8783159,-117.24230759999999,TRUE,1,0.76373346,708.43186,Inside,building,0.011129
2019-03-30T14:06,32.8783095,-117.2423055,TRUE,1,0.043561966,709.03705,Inside,building,-0.012003
2019-03-30T14:07,32.8783095,-117.242309,TRUE,1,0.30068599,709.14626,Inside,building,0.004285
2019-03-30T14:08,32.878318900000004,-117.2423084,TRUE,1,1.1055811,708.1425,Inside,building,0.013415
2019-03-30T14:09,32.878318,-117.242308,FALSE,1,0.95984413,708.1425,Inside,building,-0.002429
2019-03-30T14:10,32.878316399999996,-117.2423074,TRUE,1,0.81442663,708.37322,Inside,building,-0.002424
2019-03-30T14:11,32.8783095,-117.242309,TRUE,1,0.30068599,709.14626,Inside,building,-0.008562
2019-03-30T14:12,32.8783095,-117.242309,TRUE,1,0.30068599,709.14626,Inside,building,0.000000
2019-03-30T14:13,32.878310,-117.242309,FALSE,1,0.30068599,709.14626,Inside,building,0.000000
2019-03-30T14:14,32.8783095,-117.242309,TRUE,1,0.30068599,709.14626,Inside,building,0.000000
2019-03-30T14:15,32.8783146,-117.2423064,TRUE,1,0.60306116,708.53062,Inside,building,0.005040
2019-03-30T14:16,32.87831,-117.2423047,TRUE,1,0.13588644,708.9597,Inside,building,-0.007786
2019-03-30T14:17,32.8783095,-117.242309,TRUE,1,0.30068599,709.14626,Inside,building,0.002747
2019-03-30T14:18,32.878314,-117.242308,FALSE,1,0.55216054,709.14626,Inside,building,0.004191
2019-03-30T14:19,32.8783179,-117.24230759999999,TRUE,1,0.98189083,708.22229,Inside,building,0.007162
2019-03-30T14:20,32.878319399999995,-117.2423071,TRUE,1,1.1406668,708.04948,Inside,building,0.002646
2019-03-30T14:21,32.878310600000006,-117.24230449999999,TRUE,1,0.19741307,708.89058,Inside,building,-0.015721
2019-03-30T14:22,32.8783152,-117.2423072,TRUE,1,0.67985856,708.49272,Inside,building,0.008041
2019-03-30T14:23,32.8783168,-117.24230779999999,TRUE,1,0.86547396,708.3438,Inside,building,0.003094
2019-03-30T14:24,32.878318,-117.242307,FALSE,1,0.99211751,708.3438,Inside,building,0.002111
2019-03-30T14:25,32.8783193,-117.2423065,TRUE,1,1.1249696,708.04122,Inside,building,0.002214
2019-03-30T14:26,32.878318699999994,-117.24230829999999,TRUE,1,1.0818424,708.16033,Inside,building,-0.000719
2019-03-30T14:27,32.8783195,-117.2423082,TRUE,1,1.1670307,708.07338,Inside,building,0.001420
2019-03-30T14:28,32.878319,-117.242308,FALSE,1,1.0525433,708.07338,Inside,building,-0.001908
2019-03-30T14:29,32.8783175,-117.24230759999999,TRUE,1,0.93810036,708.2642,Inside,building,-0.001907
2019-03-30T14:30,32.878309,-117.2423061,TRUE,1,0.035769112,709.10817,Inside,building,-0.015039
2019-03-30T14:31,32.8783095,-117.2423055,TRUE,1,0.043561966,709.03705,Inside,building,0.000130
2019-03-30T14:32,32.8783095,-117.242309,TRUE,1,0.30068599,709.14626,Inside,building,0.004285
2019-03-30T14:33,32.878308000000004,-117.24230759999999,TRUE,1,0.21461468,709.25977,Inside,building,-0.001435
2019-03-30T14:34,32.8783102,-117.24230449999999,TRUE,1,0.1646274,708.9325,Inside,building,-0.000833
2019-03-30T14:35,32.8783153,-117.2423082,TRUE,1,0.71435767,708.51348,Inside,building,0.009162
2019-03-30T14:36,32.87831,-117.2423054,TRUE,1,0.096480364,708.98153,Inside,building,-0.010298
2019-03-30T14:37,32.8783148,-117.2423071,TRUE,1,0.63441523,708.53152,Inside,building,0.008966
2019-03-30T14:38,32.878314,-117.242308,FALSE,1,0.59017174,708.53152,Inside,building,-0.000737
2019-03-30T14:39,32.8783138,-117.24230800000001,TRUE,1,0.55121384,708.66442,Inside,building,-0.000649
2019-03-30T14:40,32.878317,-117.242308,FALSE,1,0.89282441,708.66442,Inside,building,0.005694
2019-03-30T14:41,32.8783201,-117.24230859999999,TRUE,1,1.2399087,708.02302,Inside,building,0.005785
2019-03-30T14:42,32.878318,-117.242308,FALSE,1,1.0492947,708.02302,Inside,building,-0.003177
2019-03-30T14:43,32.8783167,-117.24230800000001,TRUE,1,0.85889487,708.36053,Inside,building,-0.003173
2019-03-30T14:44,32.878317800000005,-117.24230779999999,TRUE,1,0.97434441,708.23901,Inside,building,0.001924
2019-03-30T14:45,32.878321,-117.242308,FALSE,1,1.3363356,708.23901,Inside,building,0.006033
2019-03-30T14:46,32.878324400000004,-117.24230779999999,TRUE,1,1.7004509,707.54747,Inside,building,0.006069
2019-03-30T14:47,32.8783195,-117.2423081,TRUE,1,1.1652733,708.07026,Inside,building,-0.008920
2019-03-30T14:48,32.8783196,-117.2423081,TRUE,1,1.1762041,708.05978,Inside,building,0.000182
2019-03-30T14:49,32.8783095,-117.242309,TRUE,1,0.30068599,709.14626,Inside,building,-0.014592
2019-03-30T14:50,32.8783249,-117.24230779999999,TRUE,1,1.7557226,707.49508,Inside,building,0.024251
2019-03-30T14:51,32.878318,-117.242306,FALSE,1,0.96794784,707.49508,Inside,building,-0.013130
2019-03-30T14:52,32.8783109,-117.24230449999999,TRUE,1,0.22465692,708.85913,Inside,building,-0.012388
2019-03-30T14:53,32.8783193,-117.2423064,TRUE,1,1.1244656,708.03809,Inside,building,0.014997
2019-03-30T14:54,32.878318300000004,-117.2423067,TRUE,1,1.0153582,708.15225,Inside,building,-0.001818
2019-03-30T14:55,32.878318300000004,-117.2423075,TRUE,1,1.0242516,708.17725,Inside,building,0.000148
2019-03-30T14:56,32.878319,-117.242307,FALSE,1,1.1226573,708.17725,Inside,building,0.001640
2019-03-30T14:57,32.8783202,-117.2423064,TRUE,1,1.2244269,707.94378,Inside,building,0.001696
2019-03-30T14:58,32.8783174,-117.24230729999998,TRUE,1,0.92249539,708.26531,Inside,building,-0.005032
2019-03-30T14:59,32.8783217,-117.24230759999999,TRUE,1,1.4000638,707.82411,Inside,building,0.007959
2019-03-30T15:00,32.8783202,-117.2423065,TRUE,1,1.2248897,707.94691,Inside,building,-0.002920
2019-03-30T15:01,32.878319,-117.24230759999999,TRUE,1,1.1025984,708.10702,Inside,building,-0.002038
2019-03-30T15:02,32.8783179,-117.24230759999999,TRUE,1,0.98189083,708.22229,Inside,building,-0.002012
2019-03-30T15:03,32.878317,-117.242308,FALSE,1,0.90530149,708.22229,Inside,building,-0.001276
2019-03-30T15:04,32.8783165,-117.24230759999999,TRUE,1,0.82894452,708.36899,Inside,building,-0.001273
2019-03-30T15:05,32.8783159,-117.2423081,TRUE,1,0.77534901,708.44748,Inside,building,-0.000893
2019-03-30T15:06,32.878319,-117.242308,FALSE,1,1.0899743,708.44748,Inside,building,0.005244
2019-03-30T15:07,32.8783218,-117.24230759999999,TRUE,1,1.4111035,707.81363,Inside,building,0.005352
2019-03-30T15:08,32.8783162,-117.2423084,TRUE,1,0.81535437,708.42542,Inside,building,-0.009929
2019-03-30T15:09,32.8783162,-117.2423084,TRUE,1,0.81535437,708.42542,Inside,building,0.000000
2019-03-30T15:10,32.878319399999995,-117.2423067,TRUE,1,1.137298,708.03699,Inside,building,0.005366
2019-03-30T15:11,32.8783093,-117.24230559999998,TRUE,1,0.02173634,709.06113,Inside,building,-0.018593
2019-03-30T15:12,32.878318900000004,-117.24230890000001,TRUE,1,1.1167647,708.15813,Inside,building,0.018250
2019-03-30T15:13,32.878313399999996,-117.24230320000001,TRUE,1,0.52636293,708.55657,Inside,building,-0.009840
2019-03-30T15:14,32.878316600000005,-117.24231699999999,TRUE,1,1.3307839,708.65263,Inside,building,0.013407
2019-03-30T15:15,32.8783124,-117.2423051,TRUE,1,0.36177847,708.72063,Inside,building,-0.016150
2019-03-30T15:16,32.878311,-117.242307,FALSE,1,0.22691781,708.72063,Inside,building,-0.002248
2019-03-30T15:17,32.8783095,-117.242309,TRUE,1,0.30068599,709.14626,Inside,building,0.001229
2019-03-30T15:18,32.878316600000005,-117.24231709999998,TRUE,1,1.3381357,708.65577,Inside,building,0.017291
2019-03-30T15:19,32.8783212,-117.24231840000002,TRUE,1,1.7790302,708.21474,Inside,building,0.007348
2019-03-30T15:20,32.8783247,-117.2423175,TRUE,1,2.04066,707.81995,Inside,building,0.004360
2019-03-30T15:21,32.878307899999996,-117.2423082,TRUE,1,0.26669558,709.28897,Inside,building,-0.029566
2019-03-30T15:22,32.878309,-117.242309,FALSE,1,0.2673216,709.28897,Inside,building,0.000010
2019-03-30T15:23,32.8783095,-117.242309,TRUE,1,0.30068599,709.14626,Inside,building,0.000556
2019-03-30T15:24,32.8783095,-117.242309,TRUE,1,0.30068599,709.14626,Inside,building,0.000000
2019-03-30T15:25,32.878310,-117.242309,FALSE,1,0.30068599,709.14626,Inside,building,0.000000
2019-03-30T15:26,32.8783095,-117.242309,TRUE,1,0.30068599,709.14626,Inside,building,0.000000
2019-03-30T15:27,32.8783095,-117.242309,TRUE,1,0.30068599,709.14626,Inside,building,0.000000
2019-03-30T15:28,32.878310,-117.242309,FALSE,1,0.30068599,709.14626,Inside,building,0.000000
2019-03-30T15:29,32.8783095,-117.242309,TRUE,1,0.30068599,709.14626,Inside,building,0.000000
2019-03-30T15:30,32.8783095,-117.242309,TRUE,1,0.30068599,709.14626,Inside,building,0.000000
2019-03-30T15:31,32.8783095,-117.242309,TRUE,1,0.30068599,709.14626,Inside,building,0.000000
2019-03-30T15:32,32.8783095,-117.242309,TRUE,1,0.30068599,709.14626,Inside,building,0.000000
2019-03-30T15:33,32.8783095,-117.242309,TRUE,1,0.30068599,709.14626,Inside,building,0.000000
2019-03-30T15:34,32.878310,-117.242309,FALSE,1,0.30068599,709.14626,Inside,building,0.000000
2019-03-30T15:35,32.8783095,-117.242309,TRUE,1,0.30068599,709.14626,Inside,building,0.000000
2019-03-30T15:36,32.8783095,-117.242309,TRUE,1,0.30068599,709.14626,Inside,building,0.000000
2019-03-30T15:37,32.8783095,-117.242309,TRUE,1,0.30068599,709.14626,Inside,building,0.000000
2019-03-30T15:38,32.878310,-117.242309,FALSE,1,0.30068599,709.14626,Inside,building,0.000000
2019-03-30T15:39,32.8783095,-117.242309,TRUE,1,0.30068599,709.14626,Inside,building,0.000000
2019-03-30T15:40,32.8783162,-117.2423047,TRUE,1,0.78511352,708.30989,Inside,building,0.008074
2019-03-30T15:41,32.878313,-117.242307,FALSE,1,0.41753807,708.30989,Inside,building,-0.006126
2019-03-30T15:42,32.8783095,-117.242309,TRUE,1,0.30068599,709.14626,Inside,building,-0.001948
2019-03-30T15:43,32.8783098,-117.2423061,TRUE,1,0.072360272,709.02432,Inside,building,-0.003805
2019-03-30T15:44,32.8783095,-117.242309,TRUE,1,0.30068599,709.14626,Inside,building,0.003805
2019-03-30T15:45,32.878310,-117.242309,FALSE,1,0.30068599,709.14626,Inside,building,0.000000
2019-03-30T15:46,32.8783095,-117.242309,TRUE,1,0.30068599,709.14626,Inside,building,0.000000
2019-03-30T15:47,32.8783095,-117.242309,TRUE,1,0.30068599,709.14626,Inside,building,0.000000
2019-03-30T15:48,32.878308000000004,-117.24230800000001,TRUE,1,0.24497443,709.27225,Inside,building,-0.000929
2019-03-30T15:49,32.8783095,-117.242309,TRUE,1,0.30068599,709.14626,Inside,building,0.000929
2019-03-30T15:50,32.878308000000004,-117.2423082,TRUE,1,0.26083607,709.27849,Inside,building,-0.000664
2019-03-30T15:51,32.878310,-117.242306,FALSE,1,0.11549437,709.27849,Inside,building,-0.002422
2019-03-30T15:52,32.878312300000005,-117.2423044,TRUE,1,0.36866445,708.70928,Inside,building,0.004220
2019-03-30T15:53,32.878310,-117.242306,FALSE,1,0.11204505,708.70928,Inside,building,-0.004277
2019-03-30T15:54,32.878308000000004,-117.24230800000001,TRUE,1,0.24497443,709.27225,Inside,building,0.002215
2019-03-30T15:55,32.878308000000004,-117.2423084,TRUE,1,0.27704889,709.28473,Inside,building,0.000535
2019-03-30T15:56,32.8783095,-117.242309,TRUE,1,0.30068599,709.14626,Inside,building,0.000394
2019-03-30T15:57,32.878310,-117.242309,FALSE,1,0.30068599,709.14626,Inside,building,0.000000
2019-03-30T15:58,32.8783095,-117.242309,TRUE,1,0.30068599,709.14626,Inside,building,0.000000
2019-03-30T15:59,32.8783095,-117.242309,TRUE,1,0.30068599,709.14626,Inside,building,0.000000
2019-03-30T16:00,32.8783112,-117.24230619999999,TRUE,1,0.22550509,708.88071,Inside,building,-0.001253
2019-03-30T16:01,32.8783088,-117.24230759999999,TRUE,1,0.17387679,709.17592,Inside,building,-0.000860
2019-03-30T16:02,32.8783095,-117.242309,TRUE,1,0.30068599,709.14626,Inside,building,0.002113
2019-03-30T16:03,32.8783095,-117.242309,TRUE,1,0.30068599,709.14626,Inside,building,0.000000
2019-03-30T16:04,32.8783095,-117.242309,TRUE,1,0.30068599,709.14626,Inside,building,0.000000
2019-03-30T16:05,32.878308000000004,-117.2423085,TRUE,1,0.28526833,709.28785,Inside,building,-0.000257
2019-03-30T16:06,32.8783095,-117.242309,TRUE,1,0.30068599,709.14626,Inside,building,0.000257
2019-03-30T16:07,32.878310,-117.242309,FALSE,1,0.30068599,709.14626,Inside,building,0.000000
2019-03-30T16:08,32.8783095,-117.242309,TRUE,1,0.30068599,709.14626,Inside,building,0.000000
2019-03-30T16:09,32.8783095,-117.242309,TRUE,1,0.30068599,709.14626,Inside,building,0.000000
2019-03-30T16:10,32.8783095,-117.242309,TRUE,1,0.30068599,709.14626,Inside,building,0.000000
2019-03-30T16:11,32.8783095,-117.242309,TRUE,1,0.30068599,709.14626,Inside,building,0.000000
2019-03-30T16:12,32.878312,-117.242306,FALSE,1,0.34119541,709.14626,Inside,building,0.000675
2019-03-30T16:13,32.878315,-117.2423034,TRUE,1,0.68276371,708.3951,Inside,building,0.005693
2019-03-30T16:14,32.878315,-117.2423042,TRUE,1,0.66201228,708.42005,Inside,building,-0.000346
2019-03-30T16:15,32.878312300000005,-117.2423058,TRUE,1,0.34470427,708.75294,Inside,building,-0.005288
2019-03-30T16:16,32.878313,-117.242304,FALSE,1,0.42723316,708.75294,Inside,building,0.001375
2019-03-30T16:17,32.8783132,-117.2423023,TRUE,1,0.55195718,708.54948,Inside,building,0.002079
2019-03-30T16:18,32.8783095,-117.242309,TRUE,1,0.30068599,709.14626,Inside,building,-0.004188
2019-03-30T16:19,32.878316399999996,-117.242305,TRUE,1,0.80408154,708.29829,Inside,building,0.008390
2019-03-30T16:20,32.8783161,-117.242309,TRUE,1,0.82338579,708.45465,Inside,building,0.000322
2019-03-30T16:21,32.8783022,-117.24230779999999,TRUE,1,0.8004585,709.87391,Inside,building,-0.000382
2019-03-30T16:22,32.878311,-117.242314,FALSE,1,0.80187611,709.87391,Inside,building,0.000024
2019-03-30T16:23,32.8783202,-117.2423203,TRUE,1,1.8247177,708.3791,Inside,building,0.017047
2019-03-30T16:24,32.8783253,-117.24232859999998,TRUE,1,2.7817775,708.10618,Inside,building,0.015951
2019-03-30T16:25,32.8783133,-117.2423017,TRUE,1,0.59534688,708.5203,Inside,building,-0.036441
2019-03-30T16:26,32.8783218,-117.24232759999998,TRUE,1,2.4713055,708.44107,Inside,building,0.031266
2019-03-30T16:27,32.8783247,-117.24232830000001,TRUE,1,2.7175992,708.15953,Inside,building,0.004105
2019-03-30T16:28,32.878321,-117.242323,FALSE,1,2.0959542,708.15953,Inside,building,-0.010361
2019-03-30T16:29,32.878317200000005,-117.24231840000002,TRUE,1,1.4750605,708.63368,Inside,building,-0.010348
2019-03-30T16:30,32.8783155,-117.2423118,TRUE,1,0.89704085,708.60505,Inside,building,-0.009634
2019-03-30T16:31,32.878308000000004,-117.2423064,TRUE,1,0.14472055,709.22234,Inside,building,-0.012539
2019-03-30T16:32,32.8783002,-117.2423061,TRUE,1,1.0011464,710.03058,Inside,building,0.014274
2019-03-30T16:33,32.8783085,-117.24230659999999,TRUE,1,0.10788752,709.17617,Inside,building,-0.014888
2019-03-30T16:34,32.8783118,-117.2423084,TRUE,1,0.37753705,708.8865,Inside,building,0.004494
2019-03-30T16:35,32.8783105,-117.2423075,TRUE,1,0.21470518,708.99464,Inside,building,-0.002714
2019-03-30T16:36,32.878309,-117.242308,FALSE,1,0.2020042,708.99464,Inside,building,-0.000212
2019-03-30T16:37,32.8783075,-117.2423084,TRUE,1,0.3077082,709.33713,Inside,building,0.001762
2019-03-30T16:38,32.878308399999995,-117.24230690000002,TRUE,1,0.13588644,709.19601,Inside,building,-0.002864
2019-03-30T16:39,32.878309,-117.242307,FALSE,1,0.1154577,709.19601,Inside,building,-0.000340
2019-03-30T16:40,32.8783105,-117.2423071,TRUE,1,0.18876853,708.98216,Inside,building,0.001222
2019-03-30T16:41,32.8783255,-117.24232930000001,TRUE,1,2.846233,708.1073,Inside,building,0.044291
2019-03-30T16:42,32.8783247,-117.2423172,TRUE,1,2.0257984,707.81053,Inside,building,-0.013674
2019-03-30T16:43,32.8783248,-117.24232830000001,TRUE,1,2.7246648,708.14907,Inside,building,0.011648
2019-03-30T16:44,32.8783214,-117.2423189,TRUE,1,1.8267052,708.20949,Inside,building,-0.014966
2019-03-30T16:45,32.8783218,-117.2423281,TRUE,1,2.5099086,708.45681,Inside,building,0.011387
2019-03-30T16:46,32.878324400000004,-117.2423284,TRUE,1,2.7038491,708.19409,Inside,building,0.003232
2019-03-30T16:47,32.878319,-117.242316,FALSE,1,1.4202985,708.19409,Inside,building,-0.021393
2019-03-30T16:48,32.8783131,-117.2423034,TRUE,1,0.48815164,708.59425,Inside,building,-0.015536
2019-03-30T16:49,32.878318699999994,-117.2423075,TRUE,1,1.0682143,708.13533,Inside,building,0.009668
2019-03-30T16:50,32.878322999999995,-117.24230729999998,TRUE,1,1.5408702,707.67852,Inside,building,0.007878
2019-03-30T16:51,32.878320,-117.242306,FALSE,1,1.1731158,707.67852,Inside,building,-0.006129
2019-03-30T16:52,32.8783165,-117.2423044,TRUE,1,0.82218405,708.26908,Inside,building,-0.005849
2019-03-30T16:53,32.8783095,-117.242309,TRUE,1,0.30068599,709.14626,Inside,building,-0.008692
2019-03-30T16:54,32.878318,-117.24230590000002,TRUE,1,0.97855991,708.15871,Inside,building,0.011298
2019-03-30T16:55,32.8783233,-117.24231759999999,TRUE,1,1.9163532,707.96971,Inside,building,0.015630
2019-03-30T16:56,32.8783236,-117.2423278,TRUE,1,2.6047359,708.25893,Inside,building,0.011473
2019-03-30T16:57,32.878323,-117.242328,FALSE,1,2.5482128,708.25893,Inside,building,-0.000942
2019-03-30T16:58,32.8783218,-117.2423279,TRUE,1,2.4944342,708.45051,Inside,building,-0.000896
2019-03-30T16:59,32.8783227,-117.24232649999999,TRUE,1,2.4474679,708.31222,Inside,building,-0.000783
2019-03-30T17:00,32.878307899999996,-117.24231979999999,TRUE,1,1.3153478,709.65168,Inside,building,-0.018869
2019-03-30T17:01,32.87831035,-117.24254599999999,TRUE,0,22.43128,716.761,Inside,building,0.351932
2019-03-30T17:02,32.87930427,-117.2428364,TRUE,0,121.23468,626.93518,Inside,building,1.646723
2019-03-30T17:03,32.8794053,-117.2433784,TRUE,0,157.75813,642.01973,Inside,building,0.608724
2019-03-30T17:04,32.879081899999996,-117.24306200000001,TRUE,0,111.21623,658.59604,Inside,building,-0.775698
2019-03-30T17:05,32.878581,-117.24272920000001,TRUE,0,49.766839,695.40812,Inside,building,-1.024157
2019-03-30T17:06,32.878531,-117.242657,FALSE,0,41.000897,695.40812,Inside,building,-0.146099
2019-03-30T17:07,32.8784802,-117.24258459999999,TRUE,0,32.239625,700.53065,Inside,building,-0.146021
2019-03-30T17:08,32.878394,-117.242445,FALSE,0,16.011185,700.53065,Inside,building,-0.270474
2019-03-30T17:09,32.878306800000004,-117.242305,TRUE,1,0.27712748,709.30447,Inside,building,-0.262234
2019-03-30T17:10,32.878308399999995,-117.24230759999999,TRUE,1,0.19017889,709.21785,Inside,building,-0.001449
2019-03-30T17:11,32.8782983,-117.24230060000001,TRUE,1,1.3056837,710.05866,Inside,building,0.018592
2019-03-30T17:12,32.8783074,-117.2423048,TRUE,1,0.22086422,709.23535,Inside,building,-0.018080
2019-03-30T17:13,32.8782983,-117.2422975,TRUE,1,1.4386689,709.96238,Inside,building,0.020297
2019-03-30T17:14,32.878304,-117.242301,FALSE,1,0.69857798,709.96238,Inside,building,-0.012335
2019-03-30T17:15,32.87831,-117.24230520000002,TRUE,1,0.10513128,708.97529,Inside,building,-0.009891
2019-03-30T17:16,32.8783191,-117.2423179,TRUE,1,1.5775341,708.419,Inside,building,0.024540
2019-03-30T17:17,32.8783095,-117.242309,TRUE,1,0.30068599,709.14626,Inside,building,-0.021281
2019-03-30T17:18,32.878313,-117.242307,FALSE,1,0.40767718,709.14626,Inside,building,0.001783
2019-03-30T17:19,32.8783159,-117.24230520000002,TRUE,1,0.74711002,708.35693,Inside,building,0.005657
2019-03-30T17:20,32.8783184,-117.2423068,TRUE,1,1.0272468,708.1449,Inside,building,0.004669
2019-03-30T17:21,32.878314,-117.242308,FALSE,1,0.56340729,708.1449,Inside,building,-0.007731
2019-03-30T17:22,32.8783095,-117.242309,TRUE,1,0.30068599,709.14626,Inside,building,-0.004379
2019-03-30T17:23,32.8783165,-117.24230949999999,TRUE,1,0.88220158,708.42836,Inside,building,0.009692
2019-03-30T17:24,32.8783095,-117.242309,TRUE,1,0.30068599,709.14626,Inside,building,-0.009692
2019-03-30T17:25,32.8783095,-117.242309,TRUE,1,0.30068599,709.14626,Inside,building,0.000000
2019-03-30T17:26,32.8783095,-117.242309,TRUE,1,0.30068599,709.14626,Inside,building,0.000000
2019-03-30T17:27,32.878310,-117.242309,FALSE,1,0.30068599,709.14626,Inside,building,0.000000
2019-03-30T17:28,32.8783095,-117.242309,TRUE,1,0.30068599,709.14626,Inside,building,0.000000
2019-03-30T17:29,32.878308000000004,-117.2423058,TRUE,1,0.13343391,709.20363,Inside,building,-0.002788
2019-03-30T17:30,32.8783095,-117.242309,TRUE,1,0.30068599,709.14626,Inside,building,0.002788
2019-03-30T17:31,32.878309200000004,-117.24230630000001,TRUE,1,0.046692165,709.09345,Inside,building,-0.004233
2019-03-30T17:32,32.878314399999994,-117.2423098,TRUE,1,0.6883757,708.65778,Inside,building,0.010695
2019-03-30T17:33,32.8783141,-117.2423108,TRUE,1,0.71755343,708.72047,Inside,building,0.000486
2019-03-30T17:34,32.8783098,-117.2423064,TRUE,1,0.087123934,709.03368,Inside,building,-0.010507
2019-03-30T17:35,32.878312199999996,-117.24230370000001,TRUE,1,0.38695839,708.69793,Inside,building,0.004997
2019-03-30T17:36,32.8783095,-117.242309,TRUE,1,0.30068599,709.14626,Inside,building,-0.001438
2019-03-30T17:37,32.878310,-117.242309,FALSE,1,0.30068599,709.14626,Inside,building,0.000000
2019-03-30T17:38,32.8783095,-117.242309,TRUE,1,0.30068599,709.14626,Inside,building,0.000000
2019-03-30T17:39,32.8783095,-117.242309,TRUE,1,0.30068599,709.14626,Inside,building,0.000000
2019-03-30T17:40,32.8783095,-117.242309,TRUE,1,0.30068599,709.14626,Inside,building,0.000000
2019-03-30T17:41,32.8783095,-117.242309,TRUE,1,0.30068599,709.14626,Inside,building,0.000000
2019-03-30T17:42,32.878310,-117.242309,FALSE,1,0.30068599,709.14626,Inside,building,0.000000
2019-03-30T17:43,32.8783095,-117.242309,TRUE,1,0.30068599,709.14626,Inside,building,0.000000
2019-03-30T17:44,32.878309,-117.242308,FALSE,1,0.18243862,709.14626,Inside,building,-0.001971
2019-03-30T17:45,32.8783087,-117.2423065,TRUE,1,0.085814848,709.15209,Inside,building,-0.001610
2019-03-30T17:46,32.878318900000004,-117.24230379999999,TRUE,1,1.0946418,707.99883,Inside,building,0.016814
2019-03-30T17:47,32.8783095,-117.2423057,TRUE,1,0.034640934,709.04329,Inside,building,-0.017667
2019-03-30T17:48,32.8783114,-117.2423106,TRUE,1,0.51065315,708.99713,Inside,building,0.007934
2019-03-30T17:49,32.8783251,-117.24232859999998,TRUE,1,2.7675178,708.12712,Inside,building,0.037614
2019-03-30T17:50,32.878323,-117.242323,FALSE,1,2.18148,708.12712,Inside,building,-0.009767
2019-03-30T17:51,32.8783203,-117.2423169,TRUE,1,1.6117927,708.26195,Inside,building,-0.009495
2019-03-30T17:52,32.8783212,-117.24231599999999,TRUE,1,1.6394375,708.13947,Inside,building,0.000461
2019-03-30T17:53,32.8783133,-117.24230390000001,TRUE,1,0.48920912,708.58887,Inside,building,-0.019170
2019-03-30T17:54,32.8783163,-117.24230390000001,TRUE,1,0.80917639,708.27444,Inside,building,0.005333
2019-03-30T17:55,32.878319,-117.242305,FALSE,1,1.0922681,708.27444,Inside,building,0.004718
2019-03-30T17:56,32.8783217,-117.2423061,TRUE,1,1.3902189,707.77723,Inside,building,0.004966
2019-03-30T17:57,32.8783161,-117.24230990000001,TRUE,1,0.85747228,708.48278,Inside,building,-0.008879
2019-03-30T17:58,32.878314,-117.242308,FALSE,1,0.58801042,708.48278,Inside,building,-0.004491
2019-03-30T17:59,32.878312300000005,-117.2423058,TRUE,1,0.34470427,708.75294,Inside,building,-0.004055
2019-03-30T18:00,32.8783095,-117.242309,TRUE,1,0.30068599,709.14626,Inside,building,-0.000734
2019-03-30T18:01,32.8783169,-117.2423054,TRUE,1,0.85701537,708.25837,Inside,building,0.009272
2019-03-30T18:02,32.878312,-117.242307,FALSE,1,0.39105353,708.25837,Inside,building,-0.007766
2019-03-30T18:03,32.878308000000004,-117.24230940000001,TRUE,1,0.36169602,709.31594,Inside,building,-0.000489
2019-03-30T18:04,32.878308000000004,-117.24230949999999,TRUE,1,0.37039178,709.31906,Inside,building,0.000145
2019-03-30T18:05,32.878308399999995,-117.24230859999999,TRUE,1,0.27619363,709.24905,Inside,building,-0.001570
2019-03-30T18:06,32.878313399999996,-117.24231110000001,TRUE,1,0.68049175,708.80319,Inside,building,0.006738
2019-03-30T18:07,32.878316,-117.242314,FALSE,1,1.0954505,708.80319,Inside,building,0.006916
2019-03-30T18:08,32.8783184,-117.24231770000002,TRUE,1,1.510445,708.48604,Inside,building,0.006917
2019-03-30T18:09,32.878309200000004,-117.2423054,TRUE,1,0.03735373,709.06538,Inside,building,-0.024552
2019-03-30T18:10,32.8783095,-117.242309,TRUE,1,0.30068599,709.14626,Inside,building,0.004389
2019-03-30T18:11,32.8783095,-117.242309,TRUE,1,0.30068599,709.14626,Inside,building,0.000000
2019-03-30T18:12,32.878310,-117.242309,FALSE,1,0.30068599,709.14626,Inside,building,0.000000
2019-03-30T18:13,32.8783095,-117.242309,TRUE,1,0.30068599,709.14626,Inside,building,0.000000
2019-03-30T18:14,32.8783095,-117.242309,TRUE,1,0.30068599,709.14626,Inside,building,0.000000
2019-03-30T18:15,32.8783205,-117.2423082,TRUE,1,1.2763345,707.9686,Inside,building,0.016261
2019-03-30T18:16,32.8783095,-117.242309,TRUE,1,0.30068599,709.14626,Inside,building,-0.016261
2019-03-30T18:17,32.878310,-117.242309,FALSE,1,0.30068599,709.14626,Inside,building,0.000000
2019-03-30T18:18,32.8783095,-117.242309,TRUE,1,0.30068599,709.14626,Inside,building,0.000000
2019-03-30T18:19,32.878310,-117.242309,FALSE,1,0.30068599,709.14626,Inside,building,0.000000
2019-03-30T18:20,32.8783095,-117.242309,TRUE,1,0.30068599,709.14626,Inside,building,0.000000
2019-03-30T18:21,32.878323699999996,-117.24230729999998,TRUE,1,1.6183998,707.60518,Inside,building,0.021962
2019-03-30T18:22,32.878328499999995,-117.24231409999999,TRUE,1,2.281742,707.3153,Inside,building,0.011056
2019-03-30T18:23,32.8783185,-117.2423068,TRUE,1,1.0383207,708.13442,Inside,building,-0.020724
2019-03-30T18:24,32.8783153,-117.24231019999999,TRUE,1,0.79303687,708.57598,Inside,building,-0.004088
2019-03-30T18:25,32.878312,-117.242308,FALSE,1,0.3942962,708.57598,Inside,building,-0.006646
2019-03-30T18:26,32.8783093,-117.2423055,TRUE,1,0.030141334,709.05802,Inside,building,-0.006069
2019-03-30T18:27,32.8783095,-117.242309,TRUE,1,0.30068599,709.14626,Inside,building,0.004509
2019-03-30T18:28,32.8783193,-117.2423068,TRUE,1,1.1269446,708.05059,Inside,building,0.013771
2019-03-30T18:29,32.8783191,-117.2423067,TRUE,1,1.1040335,708.06842,Inside,building,-0.000382
2019-03-30T18:30,32.8783167,-117.2423105,TRUE,1,0.94240718,708.43867,Inside,building,-0.002694
2019-03-30T18:31,32.878317,-117.242309,FALSE,1,0.9252254,708.43867,Inside,building,-0.000286
2019-03-30T18:32,32.8783173,-117.24230800000001,TRUE,1,0.92381294,708.29765,Inside,building,-0.000024
2019-03-30T18:33,32.8783153,-117.24231019999999,TRUE,1,0.79303687,708.57598,Inside,building,-0.002180
2019-03-30T18:34,32.878316600000005,-117.24230790000001,TRUE,1,0.8458887,708.36788,Inside,building,0.000881
2019-03-30T18:35,32.8783095,-117.242309,TRUE,1,0.30068599,709.14626,Inside,building,-0.009087
2019-03-30T18:36,32.8783095,-117.242309,TRUE,1,0.30068599,709.14626,Inside,building,0.000000
2019-03-30T18:37,32.878310,-117.242309,FALSE,1,0.30068599,709.14626,Inside,building,0.000000
2019-03-30T18:38,32.8783095,-117.242309,TRUE,1,0.30068599,709.14626,Inside,building,0.000000
2019-03-30T18:39,32.8783143,-117.24230959999998,TRUE,1,0.66897061,708.66201,Inside,building,0.006138
2019-03-30T18:40,32.8783095,-117.242309,TRUE,1,0.30068599,709.14626,Inside,building,-0.006138
2019-03-30T18:41,32.878310,-117.242309,FALSE,1,0.30068599,709.14626,Inside,building,0.000000
2019-03-30T18:42,32.8783095,-117.242309,TRUE,1,0.30068599,709.14626,Inside,building,0.000000
2019-03-30T18:43,32.8783095,-117.242309,TRUE,1,0.30068599,709.14626,Inside,building,0.000000
2019-03-30T18:44,32.8783095,-117.242309,TRUE,1,0.30068599,709.14626,Inside,building,0.000000
2019-03-30T18:45,32.8783095,-117.242309,TRUE,1,0.30068599,709.14626,Inside,building,0.000000
2019-03-30T18:46,32.8783095,-117.242309,TRUE,1,0.30068599,709.14626,Inside,building,0.000000
2019-03-30T18:47,32.8783095,-117.242309,TRUE,1,0.30068599,709.14626,Inside,building,0.000000
2019-03-30T18:48,32.878310,-117.242309,FALSE,1,0.30068599,709.14626,Inside,building,0.000000
2019-03-30T18:49,32.8783095,-117.242309,TRUE,1,0.30068599,709.14626,Inside,building,0.000000
2019-03-30T18:50,32.8783095,-117.242309,TRUE,1,0.30068599,709.14626,Inside,building,0.000000
2019-03-30T18:51,32.878310,-117.242309,FALSE,1,0.30068599,709.14626,Inside,building,0.000000
2019-03-30T18:52,32.8783095,-117.242309,TRUE,1,0.30068599,709.14626,Inside,building,0.000000
2019-03-30T18:53,32.8783095,-117.242309,TRUE,1,0.30068599,709.14626,Inside,building,0.000000
2019-03-30T18:54,32.8783095,-117.242309,TRUE,1,0.30068599,709.14626,Inside,building,0.000000
2019-03-30T18:55,32.8783195,-117.2423155,TRUE,1,1.460224,708.30186,Inside,building,0.019326
2019-03-30T18:56,32.878318,-117.242313,FALSE,1,1.1328279,708.30186,Inside,building,-0.005457
2019-03-30T18:57,32.8783156,-117.24231,TRUE,1,0.81257256,708.53829,Inside,building,-0.005338
2019-03-30T18:58,32.878312199999996,-117.2423042,TRUE,1,0.36551829,708.71352,Inside,building,-0.007451
2019-03-30T18:59,32.878315,-117.242306,FALSE,1,0.67886736,708.71352,Inside,building,0.005222
2019-03-30T19:00,32.8783184,-117.2423068,TRUE,1,1.0272468,708.1449,Inside,building,0.005806
2019-03-30T19:01,32.878309200000004,-117.24230700000001,TRUE,1,0.1120612,709.11528,Inside,building,-0.015253
2019-03-30T19:02,32.8783099,-117.2423055,TRUE,1,0.082724661,708.99513,Inside,building,-0.000489
2019-03-30T19:03,32.878318,-117.24230779999999,TRUE,1,0.99618012,708.21806,Inside,building,0.015224
2019-03-30T19:04,32.8783206,-117.2423091,TRUE,1,1.3045435,707.98627,Inside,building,0.005139
2019-03-30T19:05,32.8783174,-117.24230929999999,TRUE,1,0.96860934,708.32781,Inside,building,-0.005599
2019-03-30T19:06,32.8783174,-117.2423092,TRUE,1,0.96549823,708.32468,Inside,building,-0.000052
2019-03-30T19:07,32.878318199999995,-117.2423081,TRUE,1,1.0235435,708.20647,Inside,building,0.000967
2019-03-30T19:08,32.878316,-117.2423091,TRUE,1,0.81651299,708.46825,Inside,building,-0.003451
2019-03-30T19:09,32.878316,-117.242309,FALSE,1,0.86140049,708.46825,Inside,building,0.000748
2019-03-30T19:10,32.8783169,-117.242309,TRUE,1,0.90685132,708.37082,Inside,building,0.000758
2019-03-30T19:11,32.878321299999996,-117.2423082,TRUE,1,1.3639977,707.88478,Inside,building,0.007619
2019-03-30T19:12,32.878322,-117.242308,FALSE,1,1.3945444,707.88478,Inside,building,0.000509
2019-03-30T19:13,32.878322,-117.24230700000001,TRUE,1,1.4276997,707.77392,Inside,building,0.000553
2019-03-30T19:14,32.878316399999996,-117.24230870000001,TRUE,1,0.84516651,708.41383,Inside,building,-0.009709
2019-03-30T19:15,32.8783167,-117.24230890000001,TRUE,1,0.88277846,708.38865,Inside,building,0.000627
2019-03-30T19:16,32.8783197,-117.24230859999999,TRUE,1,1.1964678,708.06493,Inside,building,0.005228
2019-03-30T19:17,32.878319,-117.242308,FALSE,1,1.1673041,708.06493,Inside,building,-0.000486
2019-03-30T19:18,32.8783192,-117.2423084,TRUE,1,1.1381488,708.11107,Inside,building,-0.000486
2019-03-30T19:19,32.878316999999996,-117.24230940000001,TRUE,1,0.93019574,708.37284,Inside,building,-0.003466
2019-03-30T19:20,32.8783173,-117.2423101,TRUE,1,0.9861374,708.3633,Inside,building,0.000932
2019-03-30T19:21,32.8783179,-117.2423092,TRUE,1,1.0181676,708.27229,Inside,building,0.000534
2019-03-30T19:22,32.878314,-117.242308,FALSE,1,0.5188636,708.27229,Inside,building,-0.008322
2019-03-30T19:23,32.8783093,-117.2423061,TRUE,1,0.030141334,709.07673,Inside,building,-0.008145
2019-03-30T19:24,32.8783165,-117.24230890000001,TRUE,1,0.86180012,708.40961,Inside,building,0.013861
2019-03-30T19:25,32.8783165,-117.24230890000001,TRUE,1,0.86180012,708.40961,Inside,building,0.000000
2019-03-30T19:26,32.8783167,-117.2423088,TRUE,1,0.87976032,708.38552,Inside,building,0.000299
2019-03-30T19:27,32.8783209,-117.242306,TRUE,1,1.3011147,707.85794,Inside,building,0.007023
2019-03-30T19:28,32.8783165,-117.24230890000001,TRUE,1,0.86180012,708.40961,Inside,building,-0.007322
2019-03-30T19:29,32.8783168,-117.2423088,TRUE,1,0.890308,708.37505,Inside,building,0.000475
2019-03-30T19:30,32.8783177,-117.2423092,TRUE,1,0.99706169,708.29325,Inside,building,0.001779
2019-03-30T19:31,32.8783216,-117.242306,TRUE,1,1.3789436,707.78458,Inside,building,0.006365
2019-03-30T19:32,32.878322,-117.242306,FALSE,1,1.3739002,707.78458,Inside,building,-0.000084
2019-03-30T19:33,32.878321500000006,-117.2423065,TRUE,1,1.3692589,707.81069,Inside,building,-0.000077
2019-03-30T19:34,32.8783177,-117.2423092,TRUE,1,0.99706169,708.29325,Inside,building,-0.006203
2019-03-30T19:35,32.8783208,-117.24230990000001,TRUE,1,1.3454871,707.99033,Inside,building,0.005807
2019-03-30T19:36,32.878317800000005,-117.2423088,TRUE,1,0.99646886,708.27026,Inside,building,-0.005817
2019-03-30T19:37,32.878316600000005,-117.2423088,TRUE,1,0.8692269,708.396,Inside,building,-0.002121
2019-03-30T19:38,32.8783173,-117.2423092,TRUE,1,0.95500419,708.33516,Inside,building,0.001430
2019-03-30T19:39,32.8783168,-117.2423098,TRUE,1,0.92395495,708.4063,Inside,building,-0.000517
2019-03-30T19:40,32.878317,-117.242310,FALSE,1,0.92078056,708.4063,Inside,building,-0.000053
2019-03-30T19:41,32.8783167,-117.24230990000001,TRUE,1,0.91765263,708.41991,Inside,building,-0.000052
2019-03-30T19:42,32.878317100000004,-117.2423097,TRUE,1,0.95094559,708.37174,Inside,building,0.000555
2019-03-30T19:43,32.8783248,-117.2423085,TRUE,1,1.7528697,707.52746,Inside,building,0.013365
2019-03-30T19:44,32.878318,-117.24230790000001,TRUE,1,0.99797309,708.22118,Inside,building,-0.012582
2019-03-30T19:45,32.878318,-117.2423088,TRUE,1,1.01783,708.24931,Inside,building,0.000331
2019-03-30T19:46,32.8783161,-117.2423088,TRUE,1,0.81679285,708.4484,Inside,building,-0.003351
2019-03-30T19:47,32.878313,-117.242309,FALSE,1,0.49401089,708.4484,Inside,building,-0.005380
2019-03-30T19:48,32.8783095,-117.242309,TRUE,1,0.30068599,709.14626,Inside,building,-0.003222
2019-03-30T19:49,32.8783177,-117.24230890000001,TRUE,1,0.98849724,708.28387,Inside,building,0.011464
2019-03-30T19:50,32.8783203,-117.24230870000001,TRUE,1,1.2636247,708.00519,Inside,building,0.004585
2019-03-30T19:51,32.878315,-117.242308,FALSE,1,0.63413997,708.00519,Inside,building,-0.010491
2019-03-30T19:52,32.878309,-117.24230690000002,TRUE,1,0.10510251,709.13312,Inside,building,-0.008817
2019-03-30T19:53,32.878317200000005,-117.242309,TRUE,1,0.93841101,708.33938,Inside,building,0.013888
2019-03-30T19:54,32.878317100000004,-117.2423091,TRUE,1,0.93092662,708.35299,Inside,building,-0.000125
2019-03-30T19:55,32.87832,-117.24230829999999,TRUE,1,1.2233876,708.02412,Inside,building,0.004874
2019-03-30T19:56,32.8783173,-117.242309,TRUE,1,0.94895825,708.32891,Inside,building,-0.004574
2019-03-30T19:57,32.8783174,-117.242309,TRUE,1,0.95951842,708.31843,Inside,building,0.000176
2019-03-30T19:58,32.878316600000005,-117.24230890000001,TRUE,1,0.87228148,708.39913,Inside,building,-0.001454
2019-03-30T19:59,32.878316,-117.24230890000001,TRUE,1,0.80964872,708.462,Inside,building,-0.001044
2019-03-30T20:00,32.8783168,-117.242309,TRUE,1,0.89636037,708.3813,Inside,building,0.001445
2019-03-30T20:01,32.878321299999996,-117.2423061,TRUE,1,1.3457502,707.81914,Inside,building,0.007490
2019-03-30T20:02,32.8783177,-117.24230929999999,TRUE,1,1.0000746,708.29637,Inside,building,-0.005761
2019-03-30T20:03,32.878317200000005,-117.242309,TRUE,1,0.93841101,708.33938,Inside,building,-0.001028
2019-03-30T20:04,32.8783193,-117.2423085,TRUE,1,1.1510243,708.10372,Inside,building,0.003544
2019-03-30T20:05,32.8783179,-117.2423091,TRUE,1,1.0152943,708.26916,Inside,building,-0.002262
2019-03-30T20:06,32.878319,-117.242309,FALSE,1,1.1036216,708.26916,Inside,building,0.001472
2019-03-30T20:07,32.8783197,-117.2423085,TRUE,1,1.1944617,708.0618,Inside,building,0.001514
2019-03-30T20:08,32.8783203,-117.24230870000001,TRUE,1,1.2636247,708.00519,Inside,building,0.001153
2019-03-30T20:09,32.878316399999996,-117.2423088,TRUE,1,0.84820493,708.41696,Inside,building,-0.006924
2019-03-30T20:10,32.8783181,-117.2423082,TRUE,1,1.014696,708.22008,Inside,building,0.002775
2019-03-30T20:11,32.8783174,-117.2423091,TRUE,1,0.96246766,708.32155,Inside,building,-0.000870
2019-03-30T20:12,32.878316600000005,-117.2423091,TRUE,1,0.87865658,708.40538,Inside,building,-0.001397
2019-03-30T20:13,32.8783104,-117.2423058,TRUE,1,0.13343391,708.95208,Inside,building,-0.012420
2019-03-30T20:14,32.8783173,-117.24230790000001,TRUE,1,0.92178114,708.29453,Inside,building,0.013139
2019-03-30T20:15,32.8783161,-117.24230890000001,TRUE,1,0.82004278,708.45152,Inside,building,-0.001696
2019-03-30T20:16,32.8783169,-117.242309,TRUE,1,0.90685132,708.37082,Inside,building,0.001447
2019-03-30T20:17,32.8783175,-117.2423092,TRUE,1,0.97600612,708.3142,Inside,building,0.001153
2019-03-30T20:18,32.878317,-117.242309,FALSE,1,0.953462,708.3142,Inside,building,-0.000376
2019-03-30T20:19,32.878317100000004,-117.2423091,TRUE,1,0.93092662,708.35299,Inside,building,-0.000376
2019-03-30T20:20,32.878316399999996,-117.24230859999999,TRUE,1,0.84222068,708.41071,Inside,building,-0.001478
2019-03-30T20:21,32.878318,-117.242308,FALSE,1,0.97283923,708.41071,Inside,building,0.002177
2019-03-30T20:22,32.878318900000004,-117.2423084,TRUE,1,1.1055811,708.1425,Inside,building,0.002212
2019-03-30T20:23,32.8783173,-117.24231040000001,TRUE,1,0.99787327,708.37268,Inside,building,-0.001795
2019-03-30T20:24,32.8783174,-117.2423091,TRUE,1,0.96246766,708.32155,Inside,building,-0.000590
2019-03-30T20:25,32.878316,-117.242309,FALSE,1,0.83464092,708.32155,Inside,building,-0.002130
2019-03-30T20:26,32.8783152,-117.24230829999999,TRUE,1,0.70683744,708.52708,Inside,building,-0.002130
2019-03-30T20:27,32.878318699999994,-117.2423081,TRUE,1,1.0779663,708.15408,Inside,building,0.006185
2019-03-30T20:28,32.8783162,-117.24230859999999,TRUE,1,0.82110963,708.43167,Inside,building,-0.004281
2019-03-30T20:29,32.8783161,-117.2423088,TRUE,1,0.81679285,708.4484,Inside,building,-0.000072
2019-03-30T20:30,32.8783162,-117.24230859999999,TRUE,1,0.82110963,708.43167,Inside,building,0.000072
2019-03-30T20:31,32.878316,-117.242309,FALSE,1,0.84141894,708.43167,Inside,building,0.000338
2019-03-30T20:32,32.8783165,-117.24230890000001,TRUE,1,0.86180012,708.40961,Inside,building,0.000340
2019-03-30T20:33,32.8783095,-117.242309,TRUE,1,0.30068599,709.14626,Inside,building,-0.009352
2019-03-30T20:34,32.8783095,-117.242309,TRUE,1,0.30068599,709.14626,Inside,building,0.000000
2019-03-30T20:35,32.8783095,-117.242309,TRUE,1,0.30068599,709.14626,Inside,building,0.000000
2019-03-30T20:36,32.8783088,-117.2423057,TRUE,1,0.045447731,709.11666,Inside,building,-0.004254
2019-03-30T20:37,32.878309,-117.242307,FALSE,1,0.14485244,709.11666,Inside,building,0.001657
2019-03-30T20:38,32.8783095,-117.242309,TRUE,1,0.30068599,709.14626,Inside,building,0.002597
2019-03-30T20:39,32.8783095,-117.242309,TRUE,1,0.30068599,709.14626,Inside,building,0.000000
2019-03-30T20:40,32.87831,-117.24230459999998,TRUE,1,0.14307645,708.95659,Inside,building,-0.002627
2019-03-30T20:41,32.8783095,-117.242309,TRUE,1,0.30068599,709.14626,Inside,building,0.002627
2019-03-30T20:42,32.878316999999996,-117.24230779999999,TRUE,1,0.88720192,708.32284,Inside,building,0.009775
2019-03-30T20:43,32.8783173,-117.24230619999999,TRUE,1,0.90145316,708.24143,Inside,building,0.000238
2019-03-30T20:44,32.8783153,-117.24231019999999,TRUE,1,0.79303687,708.57598,Inside,building,-0.001807
2019-03-30T20:45,32.8783095,-117.242309,TRUE,1,0.30068599,709.14626,Inside,building,-0.008206
2019-03-30T20:46,32.8783095,-117.242309,TRUE,1,0.30068599,709.14626,Inside,building,0.000000
2019-03-30T20:47,32.8783095,-117.242309,TRUE,1,0.30068599,709.14626,Inside,building,0.000000
2019-03-30T20:48,32.878310,-117.242309,FALSE,1,0.30068599,709.14626,Inside,building,0.000000
2019-03-30T20:49,32.8783095,-117.242309,TRUE,1,0.30068599,709.14626,Inside,building,0.000000
2019-03-30T20:50,32.878314,-117.242309,FALSE,1,0.63119495,709.14626,Inside,building,0.005508
2019-03-30T20:51,32.878318900000004,-117.242309,TRUE,1,1.1192218,708.16126,Inside,building,0.008134
2019-03-30T20:52,32.8783087,-117.2423055,TRUE,1,0.062257007,709.1209,Inside,building,-0.017616
2019-03-30T20:53,32.8783095,-117.242309,TRUE,1,0.30068599,709.14626,Inside,building,0.003974
2019-03-30T20:54,32.8783218,-117.2423098,TRUE,1,1.4499959,707.88244,Inside,building,0.019155
2019-03-30T20:55,32.8783176,-117.2423101,TRUE,1,1.0166958,708.33186,Inside,building,-0.007222
2019-03-30T20:56,32.878313,-117.242308,FALSE,1,0.5098812,708.33186,Inside,building,-0.008447
2019-03-30T20:57,32.8783093,-117.24230559999998,TRUE,1,0.02173634,709.06113,Inside,building,-0.008136
2019-03-30T20:58,32.8783209,-117.2423092,TRUE,1,1.3391643,707.95796,Inside,building,0.021957
2019-03-30T20:59,32.8783262,-117.2423088,TRUE,1,1.910961,707.39017,Inside,building,0.009530
2019-03-30T21:00,32.878322,-117.24230829999999,TRUE,1,1.4423151,707.81456,Inside,building,-0.007811
2019-03-30T21:01,32.8783153,-117.24230630000001,TRUE,1,0.67989425,708.45414,Inside,building,-0.012707
2019-03-30T21:02,32.8783095,-117.242309,TRUE,1,0.30068599,709.14626,Inside,building,-0.006320
2019-03-30T21:03,32.878310,-117.242309,FALSE,1,0.30068599,709.14626,Inside,building,0.000000
2019-03-30T21:04,32.8783095,-117.242309,TRUE,1,0.30068599,709.14626,Inside,building,0.000000
2019-03-30T21:05,32.8783095,-117.242309,TRUE,1,0.30068599,709.14626,Inside,building,0.000000
2019-03-30T21:06,32.878309,-117.242308,FALSE,1,0.20988409,709.14626,Inside,building,-0.001513
2019-03-30T21:07,32.878307799999995,-117.24230690000002,TRUE,1,0.1865101,709.25889,Inside,building,-0.000390
2019-03-30T21:08,32.878309200000004,-117.24230520000002,TRUE,1,0.056030596,709.05914,Inside,building,-0.002175
2019-03-30T21:09,32.87832,-117.2423097,TRUE,1,1.254916,708.0679,Inside,building,0.019981
2019-03-30T21:10,32.8783251,-117.24230800000001,TRUE,1,1.7798959,707.48038,Inside,building,0.008750
2019-03-30T21:11,32.8783184,-117.2423091,TRUE,1,1.0684021,708.21677,Inside,building,-0.011858
2019-03-30T21:12,32.8783157,-117.24230870000001,TRUE,1,0.77183721,708.48718,Inside,building,-0.004943
2019-03-30T21:13,32.8783095,-117.242309,TRUE,1,0.30068599,709.14626,Inside,building,-0.007853
2019-03-30T21:14,32.878310,-117.242309,FALSE,1,0.30068599,709.14626,Inside,building,0.000000
2019-03-30T21:15,32.8783095,-117.242309,TRUE,1,0.30068599,709.14626,Inside,building,0.000000
2019-03-30T21:16,32.8783095,-117.242309,TRUE,1,0.30068599,709.14626,Inside,building,0.000000
2019-03-30T21:17,32.878309,-117.242307,FALSE,1,0.13552137,709.14626,Inside,building,-0.002753
2019-03-30T21:18,32.878309,-117.2423055,TRUE,1,0.035769112,709.08946,Inside,building,-0.001663
2019-03-30T21:19,32.8783095,-117.242309,TRUE,1,0.30068599,709.14626,Inside,building,0.004415
2019-03-30T21:20,32.8783152,-117.2423081,TRUE,1,0.70089041,708.52083,Inside,building,0.006670
2019-03-30T21:21,32.8783091,-117.2423058,TRUE,1,0.011119493,709.08833,Inside,building,-0.011496
2019-03-30T21:22,32.878309,-117.2423054,TRUE,1,0.043472677,709.08634,Inside,building,0.000539
2019-03-30T21:23,32.8783095,-117.242309,TRUE,1,0.30068599,709.14626,Inside,building,0.004287
2019-03-30T21:24,32.878310,-117.242309,FALSE,1,0.30068599,709.14626,Inside,building,0.000000
2019-03-30T21:25,32.8783095,-117.242309,TRUE,1,0.30068599,709.14626,Inside,building,0.000000
2019-03-30T21:26,32.8783095,-117.242309,TRUE,1,0.30068599,709.14626,Inside,building,0.000000
2019-03-30T21:27,32.878310,-117.242309,FALSE,1,0.30068599,709.14626,Inside,building,0.000000
2019-03-30T21:28,32.8783095,-117.242309,TRUE,1,0.30068599,709.14626,Inside,building,0.000000
2019-03-30T21:29,32.8783095,-117.242309,TRUE,1,0.30068599,709.14626,Inside,building,0.000000
2019-03-30T21:30,32.8783162,-117.24230829999999,TRUE,1,0.81262244,708.42229,Inside,building,0.008532
2019-03-30T21:31,32.8783156,-117.24230790000001,TRUE,1,0.73817355,708.47267,Inside,building,-0.001241
2019-03-30T21:32,32.8783095,-117.242309,TRUE,1,0.30068599,709.14626,Inside,building,-0.007291
2019-03-30T21:33,32.8783095,-117.242309,TRUE,1,0.30068599,709.14626,Inside,building,0.000000
2019-03-30T21:34,32.8783096,-117.2423047,TRUE,1,0.11193862,709.00163,Inside,building,-0.003146
2019-03-30T21:35,32.8783095,-117.242309,TRUE,1,0.30068599,709.14626,Inside,building,0.003146
2019-03-30T21:36,32.8783095,-117.242309,TRUE,1,0.30068599,709.14626,Inside,building,0.000000
2019-03-30T21:37,32.878319,-117.24230859999999,TRUE,1,1.1206419,708.13828,Inside,building,0.013666
2019-03-30T21:38,32.8783083,-117.24230530000001,TRUE,1,0.11043211,709.15659,Inside,building,-0.016837
2019-03-30T21:39,32.8783095,-117.242309,TRUE,1,0.30068599,709.14626,Inside,building,0.003171
2019-03-30T21:40,32.878318199999995,-117.2423072,TRUE,1,1.009258,708.17835,Inside,building,0.011810
2019-03-30T21:41,32.878314,-117.242308,FALSE,1,0.55989238,708.17835,Inside,building,-0.007489
2019-03-30T21:42,32.8783095,-117.242309,TRUE,1,0.30068599,709.14626,Inside,building,-0.004320
2019-03-30T21:43,32.8783095,-117.242309,TRUE,1,0.30068599,709.14626,Inside,building,0.000000
2019-03-30T21:44,32.8783095,-117.242309,TRUE,1,0.30068599,709.14626,Inside,building,0.000000
2019-03-30T21:45,32.8783095,-117.242309,TRUE,1,0.30068599,709.14626,Inside,building,0.000000
2019-03-30T21:46,32.8783211,-117.24231040000001,TRUE,1,1.3912005,707.97455,Inside,building,0.018175
2019-03-30T21:47,32.878316399999996,-117.24230829999999,TRUE,1,0.83394836,708.40134,Inside,building,-0.009288
2019-03-30T21:48,32.878313,-117.242309,FALSE,1,0.49467815,708.40134,Inside,building,-0.005655
2019-03-30T21:49,32.8783095,-117.242309,TRUE,1,0.30068599,709.14626,Inside,building,-0.003233
2019-03-30T21:50,32.8783143,-117.2423065,TRUE,1,0.57084924,708.56519,Inside,building,0.004503
2019-03-30T21:51,32.8783095,-117.242309,TRUE,1,0.30068599,709.14626,Inside,building,-0.004503
2019-03-30T21:52,32.878310,-117.242309,FALSE,1,0.30068599,709.14626,Inside,building,0.000000
2019-03-30T21:53,32.8783095,-117.242309,TRUE,1,0.30068599,709.14626,Inside,building,0.000000
2019-03-30T21:54,32.8783099,-117.24230459999998,TRUE,1,0.13644128,708.96707,Inside,building,-0.002737
2019-03-30T21:55,32.8783095,-117.242309,TRUE,1,0.30068599,709.14626,Inside,building,0.002737
2019-03-30T21:56,32.8783095,-117.242309,TRUE,1,0.30068599,709.14626,Inside,building,0.000000
2019-03-30T21:57,32.878315,-117.242309,FALSE,1,0.71391045,709.14626,Inside,building,0.006887
2019-03-30T21:58,32.8783206,-117.24230890000001,TRUE,1,1.3002581,707.98001,Inside,building,0.009772
2019-03-30T21:59,32.8783101,-117.24230459999998,TRUE,1,0.15024248,708.9461,Inside,building,-0.019167
2019-03-30T22:00,32.8783209,-117.2423072,TRUE,1,1.3075332,707.89543,Inside,building,0.019288
2019-03-30T22:01,32.878309,-117.24230530000001,TRUE,1,0.051717797,709.08322,Inside,building,-0.020930
2019-03-30T22:02,32.878317100000004,-117.2423074,TRUE,1,0.8910564,708.29987,Inside,building,0.013989
2019-03-30T22:03,32.8783095,-117.242309,TRUE,1,0.30068599,709.14626,Inside,building,-0.009840
2019-03-30T22:04,32.8783217,-117.24230759999999,TRUE,1,1.4000638,707.82411,Inside,building,0.018323
2019-03-30T22:05,32.8783103,-117.24230459999998,TRUE,1,0.1658871,708.92514,Inside,building,-0.020570
2019-03-30T22:06,32.8783157,-117.242306,TRUE,1,0.72300829,708.40286,Inside,building,0.009285
2019-03-30T22:07,32.8783095,-117.242309,TRUE,1,0.30068599,709.14626,Inside,building,-0.007039
2019-03-30T22:08,32.878310,-117.242309,FALSE,1,0.30068599,709.14626,Inside,building,0.000000
2019-03-30T22:09,32.8783095,-117.242309,TRUE,1,0.30068599,709.14626,Inside,building,0.000000
2019-03-30T22:10,32.8783101,-117.24230459999998,TRUE,1,0.15024248,708.9461,Inside,building,-0.002507
2019-03-30T22:11,32.8783095,-117.242309,TRUE,1,0.30068599,709.14626,Inside,building,0.002507
2019-03-30T22:12,32.8783095,-117.242309,TRUE,1,0.30068599,709.14626,Inside,building,0.000000
2019-03-30T22:13,32.878310,-117.242309,FALSE,1,0.30068599,709.14626,Inside,building,0.000000
2019-03-30T22:14,32.8783095,-117.242309,TRUE,1,0.30068599,709.14626,Inside,building,0.000000
2019-03-30T22:15,32.8783096,-117.2423047,TRUE,1,0.11193862,709.00163,Inside,building,-0.003146
2019-03-30T22:16,32.8783143,-117.2423065,TRUE,1,0.57084924,708.56519,Inside,building,0.007649
2019-03-30T22:17,32.878312,-117.242308,FALSE,1,0.35113535,708.56519,Inside,building,-0.003662
2019-03-30T22:18,32.8783095,-117.242309,TRUE,1,0.30068599,709.14626,Inside,building,-0.000841
2019-03-30T22:19,32.878310,-117.242309,FALSE,1,0.30068599,709.14626,Inside,building,0.000000
2019-03-30T22:20,32.8783095,-117.242309,TRUE,1,0.30068599,709.14626,Inside,building,0.000000
2019-03-30T22:21,32.8783095,-117.242309,TRUE,1,0.30068599,709.14626,Inside,building,0.000000
2019-03-30T22:22,32.878309,-117.24230559999998,TRUE,1,0.029041313,709.09258,Inside,building,-0.004527
2019-03-30T22:23,32.8783212,-117.2423058,TRUE,1,1.3343391,707.82025,Inside,building,0.021755
2019-03-30T22:24,32.878320,-117.242307,FALSE,1,1.231139,707.82025,Inside,building,-0.001720
2019-03-30T22:25,32.8783192,-117.2423088,TRUE,1,1.1466982,708.12357,Inside,building,-0.001407
2019-03-30T22:26,32.8783095,-117.242309,TRUE,1,0.30068599,709.14626,Inside,building,-0.014100
