time,latitude,longitude,isDataPoint,within15(M),distanceFromSensor(M),distanceFromSupercomputerSensor(M)
2019-03-22T09:55,32.8700707,-117.2172744,TRUE,1,0,2631.2898
2019-03-22T09:56,32.870087195045016,-117.21733783527475,TRUE,1,6.2018386,2625.4565
2019-03-22T09:57,32.870087195045016,-117.21733783527475,FALSE,1,6.2018386,2625.4565
2019-03-22T09:58,32.870087195045016,-117.21733783527475,FALSE,1,6.2018386,2625.4565
2019-03-22T09:59,32.870087195045016,-117.21733783527475,FALSE,1,6.2018386,2625.4565
2019-03-22T10:00,32.870087195045016,-117.21733783527475,FALSE,1,6.2018386,2625.4565
2019-03-22T10:01,32.870087195045016,-117.21733783527475,FALSE,1,6.2018386,2625.4565
2019-03-22T10:02,32.87003596299186,-117.21721000611215,TRUE,1,7.1475164,2638.4171
2019-03-22T10:03,32.87003596299186,-117.21721000611215,FALSE,1,7.1475164,2638.4171
2019-03-22T10:04,32.87003596299186,-117.21721000611215,FALSE,1,7.1475164,2638.4171
2019-03-22T10:05,32.87003596299186,-117.21721000611215,FALSE,1,7.1475164,2638.4171
2019-03-22T10:06,32.87003596299186,-117.21721000611215,FALSE,1,7.1475164,2638.4171
2019-03-22T10:07,32.8710556,-117.2187341,TRUE,0,174.86634,2456.5104
2019-03-22T10:08,32.8711485,-117.2180882,TRUE,0,141.91356,2498.938
2019-03-22T10:09,32.8708961,-117.2183538,TRUE,0,136.32998,2495.5712
2019-03-22T10:10,32.8710439,-117.2193418,TRUE,0,221.33733,2412.165
2019-03-22T10:11,32.8710439,-117.2193418,FALSE,0,221.33733,2412.165
2019-03-22T10:12,32.872146544807535,-117.22629692465489,TRUE,0,873.67395,1848.0555
2019-03-22T10:13,32.87183314536372,-117.23279825350329,TRUE,0,1462.9903,1533.5362
2019-03-22T10:14,32.8758202,-117.2336183,TRUE,0,1654.8378,1106.0221
2019-03-22T10:15,32.8758202,-117.2336183,FALSE,0,1654.8378,1106.0221
2019-03-22T10:16,32.877263999192735,-117.23543915984703,TRUE,0,1875.5057,882.68928
2019-03-22T10:17,32.877964,-117.2362016,TRUE,0,1973.5047,781.37024
2019-03-22T10:18,32.877964,-117.2362016,FALSE,0,1973.5047,781.37024
2019-03-22T10:19,32.8784644,-117.2372298,TRUE,0,2084.2618,692.97557
2019-03-22T10:20,32.8794473,-117.2375849,TRUE,0,2164.433,578.96728
2019-03-22T10:21,32.8801674,-117.2371254,TRUE,0,2167.2975,523.63839
2019-03-22T10:22,32.8801674,-117.2371254,FALSE,0,2167.2975,523.63839
2019-03-22T10:23,32.8810279,-117.2370274,TRUE,0,2210.7237,446.75757
2019-03-22T10:24,32.8807988,-117.2370723,TRUE,0,2200.311,465.57738
2019-03-22T10:25,32.8807988,-117.2370723,FALSE,0,2200.311,465.57738
2019-03-22T10:26,32.8807988,-117.2370723,FALSE,0,2200.311,465.57738
2019-03-22T10:27,32.8806233,-117.2371919,TRUE,0,2199.2323,476.36408
2019-03-22T10:28,32.8806233,-117.2371919,FALSE,0,2199.2323,476.36408
2019-03-22T10:29,32.8806233,-117.2371919,FALSE,0,2199.2323,476.36408
2019-03-22T10:30,32.8806233,-117.2371919,FALSE,0,2199.2323,476.36408
2019-03-22T10:31,32.8806233,-117.2371919,FALSE,0,2199.2323,476.36408
2019-03-22T10:32,32.8806431,-117.2371391,TRUE,0,2196.241,476.98619
2019-03-22T10:33,32.8806431,-117.2371391,FALSE,0,2196.241,476.98619
2019-03-22T10:34,32.8806431,-117.2371391,FALSE,0,2196.241,476.98619
2019-03-22T10:35,32.8806431,-117.2371391,FALSE,0,2196.241,476.98619
2019-03-22T10:36,32.8806431,-117.2371391,FALSE,0,2196.241,476.98619
2019-03-22T10:37,32.8806463,-117.2370951,TRUE,0,2192.9621,478.81173
2019-03-22T10:38,32.8806463,-117.2370951,FALSE,0,2192.9621,478.81173
2019-03-22T10:39,32.8806463,-117.2370951,FALSE,0,2192.9621,478.81173
2019-03-22T10:40,32.8806463,-117.2370951,FALSE,0,2192.9621,478.81173
2019-03-22T10:41,32.8806463,-117.2370951,FALSE,0,2192.9621,478.81173
2019-03-22T10:42,32.8806373,-117.237162,TRUE,0,2197.7029,476.44253
2019-03-22T10:43,32.8806373,-117.237162,FALSE,0,2197.7029,476.44253
2019-03-22T10:44,32.8806373,-117.237162,FALSE,0,2197.7029,476.44253
2019-03-22T10:45,32.8806373,-117.237162,FALSE,0,2197.7029,476.44253
2019-03-22T10:46,32.8806373,-117.237162,FALSE,0,2197.7029,476.44253
2019-03-22T10:47,32.8806103,-117.2371549,TRUE,0,2195.5388,479.36282
2019-03-22T10:48,32.8806103,-117.2371549,FALSE,0,2195.5388,479.36282
2019-03-22T10:49,32.8806103,-117.2371549,FALSE,0,2195.5388,479.36282
2019-03-22T10:50,32.8806103,-117.2371549,FALSE,0,2195.5388,479.36282
2019-03-22T10:51,32.8806103,-117.2371549,FALSE,0,2195.5388,479.36282
2019-03-22T10:52,32.8806432,-117.2371383,TRUE,0,2196.1839,477.01514
2019-03-22T10:53,32.8806432,-117.2371383,FALSE,0,2196.1839,477.01514
2019-03-22T10:54,32.8806432,-117.2371383,FALSE,0,2196.1839,477.01514
2019-03-22T10:55,32.8806432,-117.2371383,FALSE,0,2196.1839,477.01514
2019-03-22T10:56,32.8806432,-117.2371383,FALSE,0,2196.1839,477.01514
2019-03-22T10:57,32.880642,-117.2371395,TRUE,0,2196.2071,477.0718
2019-03-22T10:58,32.880642,-117.2371395,FALSE,0,2196.2071,477.0718
2019-03-22T10:59,32.880642,-117.2371395,FALSE,0,2196.2071,477.0718
2019-03-22T11:00,32.880642,-117.2371395,FALSE,0,2196.2071,477.0718
2019-03-22T11:01,32.880642,-117.2371395,FALSE,0,2196.2071,477.0718
2019-03-22T11:02,32.8806282,-117.2371118,TRUE,0,2193.2008,479.7212
2019-03-22T11:03,32.8806282,-117.2371118,FALSE,0,2193.2008,479.7212
2019-03-22T11:04,32.8806282,-117.2371118,FALSE,0,2193.2008,479.7212
2019-03-22T11:05,32.8806282,-117.2371118,FALSE,0,2193.2008,479.7212
2019-03-22T11:06,32.8806282,-117.2371118,FALSE,0,2193.2008,479.7212
2019-03-22T11:07,32.8806358,-117.2371274,TRUE,0,2194.8837,478.24497
2019-03-22T11:08,32.8806358,-117.2371274,FALSE,0,2194.8837,478.24497
2019-03-22T11:09,32.8806358,-117.2371274,FALSE,0,2194.8837,478.24497
2019-03-22T11:10,32.8806358,-117.2371274,FALSE,0,2194.8837,478.24497
2019-03-22T11:11,32.8806358,-117.2371274,FALSE,0,2194.8837,478.24497
2019-03-22T11:12,32.8806178,-117.237169,TRUE,0,2197.0974,477.97497
2019-03-22T11:13,32.8806253,-117.2371931,TRUE,0,2199.4457,476.11555
2019-03-22T11:14,32.8806253,-117.2371931,FALSE,0,2199.4457,476.11555
2019-03-22T11:15,32.8806253,-117.2371931,FALSE,0,2199.4457,476.11555
2019-03-22T11:16,32.8806253,-117.2371931,FALSE,0,2199.4457,476.11555
2019-03-22T11:17,32.8806182,-117.2371858,TRUE,0,2198.448,477.14134
2019-03-22T11:18,32.8806182,-117.2371858,FALSE,0,2198.448,477.14134
2019-03-22T11:19,32.8806182,-117.2371858,FALSE,0,2198.448,477.14134
2019-03-22T11:20,32.8806182,-117.2371858,FALSE,0,2198.448,477.14134
2019-03-22T11:21,32.8806182,-117.2371858,FALSE,0,2198.448,477.14134
2019-03-22T11:22,32.8806103,-117.2371888,TRUE,0,2198.2166,477.75797
2019-03-22T11:23,32.8806103,-117.2371888,FALSE,0,2198.2166,477.75797
2019-03-22T11:24,32.8806103,-117.2371888,FALSE,0,2198.2166,477.75797
2019-03-22T11:25,32.8806103,-117.2371888,FALSE,0,2198.2166,477.75797
2019-03-22T11:26,32.8806103,-117.2371888,FALSE,0,2198.2166,477.75797
2019-03-22T11:27,32.8806369,-117.2371447,TRUE,0,2196.314,477.30846
2019-03-22T11:28,32.8806339,-117.2370901,TRUE,0,2191.8289,480.23175
2019-03-22T11:29,32.8806339,-117.2370901,FALSE,0,2191.8289,480.23175
2019-03-22T11:30,32.8806339,-117.2370901,FALSE,0,2191.8289,480.23175
2019-03-22T11:31,32.8806339,-117.2370901,FALSE,0,2191.8289,480.23175
2019-03-22T11:32,32.8806609,-117.2371439,TRUE,0,2197.6794,475.05919
2019-03-22T11:33,32.8806609,-117.2371439,FALSE,0,2197.6794,475.05919
2019-03-22T11:34,32.8806609,-117.2371439,FALSE,0,2197.6794,475.05919
2019-03-22T11:35,32.8806609,-117.2371439,FALSE,0,2197.6794,475.05919
2019-03-22T11:36,32.8806609,-117.2371439,FALSE,0,2197.6794,475.05919
2019-03-22T11:37,32.8805888,-117.2371975,TRUE,0,2197.6309,479.41606
2019-03-22T11:38,32.8806105,-117.2371919,TRUE,0,2198.4734,477.59279
2019-03-22T11:39,32.8806105,-117.2371919,FALSE,0,2198.4734,477.59279
2019-03-22T11:40,32.8806105,-117.2371919,FALSE,0,2198.4734,477.59279
2019-03-22T11:41,32.8806105,-117.2371919,FALSE,0,2198.4734,477.59279
2019-03-22T11:42,32.8805888,-117.2371975,TRUE,0,2197.6309,479.41606
2019-03-22T11:43,32.8805888,-117.2371975,FALSE,0,2197.6309,479.41606
2019-03-22T11:44,32.8805888,-117.2371975,FALSE,0,2197.6309,479.41606
2019-03-22T11:45,32.8805888,-117.2371975,FALSE,0,2197.6309,479.41606
2019-03-22T11:46,32.8805888,-117.2371975,FALSE,0,2197.6309,479.41606
2019-03-22T11:47,32.8806684,-117.2371568,TRUE,0,2199.1434,473.72349
2019-03-22T11:48,32.8806684,-117.2371568,FALSE,0,2199.1434,473.72349
2019-03-22T11:49,32.8806684,-117.2371568,FALSE,0,2199.1434,473.72349
2019-03-22T11:50,32.8806684,-117.2371568,FALSE,0,2199.1434,473.72349
2019-03-22T11:51,32.8806684,-117.2371568,FALSE,0,2199.1434,473.72349
2019-03-22T11:52,32.8806026,-117.2371922,TRUE,0,2198.029,478.33757
2019-03-22T11:53,32.8806093,-117.2371797,TRUE,0,2197.4383,478.28317
2019-03-22T11:54,32.8806142,-117.2371937,TRUE,0,2198.8349,477.15274
2019-03-22T11:55,32.8806475,-117.2371658,TRUE,0,2198.6092,475.2864
2019-03-22T11:56,32.8806475,-117.2371658,FALSE,0,2198.6092,475.2864
2019-03-22T11:57,32.8806804,-117.2370484,TRUE,0,2191.3209,477.88569
2019-03-22T11:58,32.8806804,-117.2370484,FALSE,0,2191.3209,477.88569
2019-03-22T11:59,32.8806804,-117.2370484,FALSE,0,2191.3209,477.88569
2019-03-22T12:00,32.8806804,-117.2370484,FALSE,0,2191.3209,477.88569
2019-03-22T12:01,32.8806804,-117.2370484,FALSE,0,2191.3209,477.88569
2019-03-22T12:02,32.8806416,-117.23709,TRUE,0,2192.2799,479.50606
2019-03-22T12:03,32.8806416,-117.23709,FALSE,0,2192.2799,479.50606
2019-03-22T12:04,32.8806416,-117.23709,FALSE,0,2192.2799,479.50606
2019-03-22T12:05,32.8806416,-117.23709,FALSE,0,2192.2799,479.50606
2019-03-22T12:06,32.8806416,-117.23709,FALSE,0,2192.2799,479.50606
2019-03-22T12:07,32.881152,-117.2377127,TRUE,0,2271.8535,401.24462
2019-03-22T12:08,32.881152,-117.2377127,FALSE,0,2271.8535,401.24462
2019-03-22T12:09,32.8811449,-117.2376521,TRUE,0,2266.6721,404.67313
2019-03-22T12:10,32.8811449,-117.2376521,FALSE,0,2266.6721,404.67313
2019-03-22T12:11,32.8811738,-117.2377116,TRUE,0,2273.0827,399.1676
2019-03-22T12:12,32.8811376,-117.2377333,TRUE,0,2272.6027,401.73688
2019-03-22T12:13,32.8811376,-117.2377333,FALSE,0,2272.6027,401.73688
2019-03-22T12:14,32.8811376,-117.2377333,FALSE,0,2272.6027,401.73688
2019-03-22T12:15,32.8811376,-117.2377333,FALSE,0,2272.6027,401.73688
2019-03-22T12:16,32.8811376,-117.2377333,FALSE,0,2272.6027,401.73688
2019-03-22T12:17,32.8811511,-117.2376443,TRUE,0,2266.4352,404.42878
2019-03-22T12:18,32.8811511,-117.2376443,FALSE,0,2266.4352,404.42878
2019-03-22T12:19,32.8811511,-117.2376443,FALSE,0,2266.4352,404.42878
2019-03-22T12:20,32.8811511,-117.2376443,FALSE,0,2266.4352,404.42878
2019-03-22T12:21,32.8811511,-117.2376443,FALSE,0,2266.4352,404.42878
2019-03-22T12:22,32.8811861,-117.2376492,TRUE,0,2268.9367,400.81622
2019-03-22T12:23,32.8811861,-117.2376492,FALSE,0,2268.9367,400.81622
2019-03-22T12:24,32.8811861,-117.2376492,FALSE,0,2268.9367,400.81622
2019-03-22T12:25,32.8811861,-117.2376492,FALSE,0,2268.9367,400.81622
2019-03-22T12:26,32.8811861,-117.2376492,FALSE,0,2268.9367,400.81622
2019-03-22T12:27,32.8811767,-117.2377292,TRUE,0,2274.638,398.09566
2019-03-22T12:28,32.8811767,-117.2377292,FALSE,0,2274.638,398.09566
2019-03-22T12:29,32.8811858,-117.2377116,TRUE,0,2273.8076,397.99866
2019-03-22T12:30,32.8811858,-117.2377116,FALSE,0,2273.8076,397.99866
2019-03-22T12:31,32.8811858,-117.2377116,FALSE,0,2273.8076,397.99866
2019-03-22T12:32,32.8811841,-117.2376553,TRUE,0,2269.2933,400.72858
2019-03-22T12:33,32.8811841,-117.2376553,FALSE,0,2269.2933,400.72858
2019-03-22T12:34,32.8811841,-117.2376553,FALSE,0,2269.2933,400.72858
2019-03-22T12:35,32.8811841,-117.2376553,FALSE,0,2269.2933,400.72858
2019-03-22T12:36,32.8811841,-117.2376553,FALSE,0,2269.2933,400.72858
2019-03-22T12:37,32.8811051,-117.2377207,TRUE,0,2269.6582,405.47769
2019-03-22T12:38,32.8811051,-117.2377207,FALSE,0,2269.6582,405.47769
2019-03-22T12:39,32.8811051,-117.2377207,FALSE,0,2269.6582,405.47769
2019-03-22T12:40,32.8811051,-117.2377207,FALSE,0,2269.6582,405.47769
2019-03-22T12:41,32.8811051,-117.2377207,FALSE,0,2269.6582,405.47769
2019-03-22T12:42,32.8811881,-117.2376952,TRUE,0,2272.6613,398.517
2019-03-22T12:43,32.8811881,-117.2376952,FALSE,0,2272.6613,398.517
2019-03-22T12:44,32.8811881,-117.2376952,FALSE,0,2272.6613,398.517
2019-03-22T12:45,32.8811881,-117.2376952,FALSE,0,2272.6613,398.517
2019-03-22T12:46,32.8811881,-117.2376952,FALSE,0,2272.6613,398.517
2019-03-22T12:47,32.8812304,-117.2377001,TRUE,0,2275.6064,394.18877
2019-03-22T12:48,32.8812399,-117.2376636,TRUE,0,2273.3267,394.95478
2019-03-22T12:49,32.8812399,-117.2376636,FALSE,0,2273.3267,394.95478
2019-03-22T12:50,32.8812399,-117.2376636,FALSE,0,2273.3267,394.95478
2019-03-22T12:51,32.8812399,-117.2376636,FALSE,0,2273.3267,394.95478
2019-03-22T12:52,32.8811595,-117.2376866,TRUE,0,2270.2589,401.68738
2019-03-22T12:53,32.8811595,-117.2376866,FALSE,0,2270.2589,401.68738
2019-03-22T12:54,32.8811595,-117.2376866,FALSE,0,2270.2589,401.68738
2019-03-22T12:55,32.8811595,-117.2376866,FALSE,0,2270.2589,401.68738
2019-03-22T12:56,32.8811595,-117.2376866,FALSE,0,2270.2589,401.68738
2019-03-22T12:57,32.8811594,-117.2376867,TRUE,0,2270.2607,401.69259
2019-03-22T12:58,32.8811594,-117.2376867,FALSE,0,2270.2607,401.69259
2019-03-22T12:59,32.8811594,-117.2376867,FALSE,0,2270.2607,401.69259
2019-03-22T13:00,32.8811594,-117.2376867,FALSE,0,2270.2607,401.69259
2019-03-22T13:01,32.8811594,-117.2376867,FALSE,0,2270.2607,401.69259
2019-03-22T13:02,32.8811594,-117.2376867,FALSE,0,2270.2607,401.69259
2019-03-22T13:03,32.8811594,-117.2376867,FALSE,0,2270.2607,401.69259
2019-03-22T13:04,32.8811594,-117.2376867,FALSE,0,2270.2607,401.69259
2019-03-22T13:05,32.8811594,-117.2376867,FALSE,0,2270.2607,401.69259
2019-03-22T13:06,32.8811594,-117.2376867,FALSE,0,2270.2607,401.69259
2019-03-22T13:07,32.8811763,-117.2376824,TRUE,0,2270.9447,400.24491
2019-03-22T13:08,32.8811763,-117.2376824,FALSE,0,2270.9447,400.24491
2019-03-22T13:09,32.8811763,-117.2376824,FALSE,0,2270.9447,400.24491
2019-03-22T13:10,32.8811763,-117.2376824,FALSE,0,2270.9447,400.24491
2019-03-22T13:11,32.8811763,-117.2376824,FALSE,0,2270.9447,400.24491
2019-03-22T13:12,32.8811752,-117.2376588,TRUE,0,2269.0289,401.42941
2019-03-22T13:13,32.8811752,-117.2376588,FALSE,0,2269.0289,401.42941
2019-03-22T13:14,32.8811752,-117.2376588,FALSE,0,2269.0289,401.42941
2019-03-22T13:15,32.8811752,-117.2376588,FALSE,0,2269.0289,401.42941
2019-03-22T13:16,32.8811752,-117.2376588,FALSE,0,2269.0289,401.42941
2019-03-22T13:17,32.8812043,-117.237663,TRUE,0,2271.1199,398.42005
2019-03-22T13:18,32.8812043,-117.237663,FALSE,0,2271.1199,398.42005
2019-03-22T13:19,32.8812043,-117.237663,FALSE,0,2271.1199,398.42005
2019-03-22T13:20,32.8812043,-117.237663,FALSE,0,2271.1199,398.42005
2019-03-22T13:21,32.8812043,-117.237663,FALSE,0,2271.1199,398.42005
2019-03-22T13:22,32.8812364,-117.2376959,TRUE,0,2275.6415,393.80018
2019-03-22T13:23,32.8812364,-117.2376959,FALSE,0,2275.6415,393.80018
2019-03-22T13:24,32.8812364,-117.2376959,FALSE,0,2275.6415,393.80018
2019-03-22T13:25,32.8812364,-117.2376959,FALSE,0,2275.6415,393.80018
2019-03-22T13:26,32.8812364,-117.2376959,FALSE,0,2275.6415,393.80018
2019-03-22T13:27,32.8812004,-117.2376948,TRUE,0,2273.3741,397.34058
2019-03-22T13:28,32.8812004,-117.2376948,FALSE,0,2273.3741,397.34058
2019-03-22T13:29,32.8812004,-117.2376948,FALSE,0,2273.3741,397.34058
2019-03-22T13:30,32.8812004,-117.2376948,FALSE,0,2273.3741,397.34058
2019-03-22T13:31,32.8812004,-117.2376948,FALSE,0,2273.3741,397.34058
2019-03-22T13:32,32.8812633,-117.237676,TRUE,0,2275.7185,392.12188
2019-03-22T13:33,32.8812633,-117.237676,FALSE,0,2275.7185,392.12188
2019-03-22T13:34,32.8812633,-117.237676,FALSE,0,2275.7185,392.12188
2019-03-22T13:35,32.8812633,-117.237676,FALSE,0,2275.7185,392.12188
2019-03-22T13:36,32.8812633,-117.237676,FALSE,0,2275.7185,392.12188
2019-03-22T13:37,32.8812308,-117.2377128,TRUE,0,2276.6249,393.5698
2019-03-22T13:38,32.8812308,-117.2377128,FALSE,0,2276.6249,393.5698
2019-03-22T13:39,32.8812308,-117.2377128,FALSE,0,2276.6249,393.5698
2019-03-22T13:40,32.8812308,-117.2377128,FALSE,0,2276.6249,393.5698
2019-03-22T13:41,32.8812308,-117.2377128,FALSE,0,2276.6249,393.5698
2019-03-22T13:42,32.8812308,-117.2377128,FALSE,0,2276.6249,393.5698
2019-03-22T13:43,32.8812418,-117.2376837,TRUE,0,2275.0145,393.83977
2019-03-22T13:44,32.8812418,-117.2376837,FALSE,0,2275.0145,393.83977
2019-03-22T13:45,32.8812418,-117.2376837,FALSE,0,2275.0145,393.83977
2019-03-22T13:46,32.8812418,-117.2376837,FALSE,0,2275.0145,393.83977
2019-03-22T13:47,32.8812418,-117.2376837,FALSE,0,2275.0145,393.83977
2019-03-22T13:48,32.8812423,-117.2377006,TRUE,0,2276.3672,393.01311
2019-03-22T13:49,32.8812423,-117.2377006,FALSE,0,2276.3672,393.01311
2019-03-22T13:50,32.8812423,-117.2377006,FALSE,0,2276.3672,393.01311
2019-03-22T13:51,32.8812423,-117.2377006,FALSE,0,2276.3672,393.01311
2019-03-22T13:52,32.8812457,-117.2376546,TRUE,0,2272.9753,394.81545
2019-03-22T13:53,32.8812457,-117.2376546,FALSE,0,2272.9753,394.81545
2019-03-22T13:54,32.8812457,-117.2376546,FALSE,0,2272.9753,394.81545
2019-03-22T13:55,32.8812457,-117.2376546,FALSE,0,2272.9753,394.81545
2019-03-22T13:56,32.8812457,-117.2376546,FALSE,0,2272.9753,394.81545
2019-03-22T13:57,32.8812302,-117.2377044,TRUE,0,2275.9309,394.01143
2019-03-22T13:58,32.8812302,-117.2377044,FALSE,0,2275.9309,394.01143
2019-03-22T13:59,32.8812302,-117.2377044,FALSE,0,2275.9309,394.01143
2019-03-22T14:00,32.8812302,-117.2377044,FALSE,0,2275.9309,394.01143
2019-03-22T14:01,32.8812302,-117.2377044,FALSE,0,2275.9309,394.01143
2019-03-22T14:02,32.8811967,-117.2376874,TRUE,0,2272.5705,398.03697
2019-03-22T14:03,32.8811967,-117.2376874,FALSE,0,2272.5705,398.03697
2019-03-22T14:04,32.8811967,-117.2376874,FALSE,0,2272.5705,398.03697
2019-03-22T14:05,32.8811967,-117.2376874,FALSE,0,2272.5705,398.03697
2019-03-22T14:06,32.8811967,-117.2376874,FALSE,0,2272.5705,398.03697
2019-03-22T14:07,32.8811967,-117.2376874,FALSE,0,2272.5705,398.03697
2019-03-22T14:08,32.8811967,-117.2376874,FALSE,0,2272.5705,398.03697
2019-03-22T14:09,32.8811967,-117.2376874,FALSE,0,2272.5705,398.03697
2019-03-22T14:10,32.8811967,-117.2376874,FALSE,0,2272.5705,398.03697
2019-03-22T14:11,32.8811967,-117.2376874,FALSE,0,2272.5705,398.03697
2019-03-22T14:12,32.8811837,-117.237699,TRUE,0,2272.6931,398.77242
2019-03-22T14:13,32.8811837,-117.237699,FALSE,0,2272.6931,398.77242
2019-03-22T14:14,32.8811837,-117.237699,FALSE,0,2272.6931,398.77242
2019-03-22T14:15,32.8811837,-117.237699,FALSE,0,2272.6931,398.77242
2019-03-22T14:16,32.8811837,-117.237699,FALSE,0,2272.6931,398.77242
2019-03-22T14:17,32.881135,-117.2377249,TRUE,0,2271.7867,402.36326
2019-03-22T14:18,32.881135,-117.2377249,FALSE,0,2271.7867,402.36326
2019-03-22T14:19,32.881135,-117.2377249,FALSE,0,2271.7867,402.36326
2019-03-22T14:20,32.881135,-117.2377249,FALSE,0,2271.7867,402.36326
2019-03-22T14:21,32.881135,-117.2377249,FALSE,0,2271.7867,402.36326
2019-03-22T14:22,32.881135,-117.2377249,FALSE,0,2271.7867,402.36326
2019-03-22T14:23,32.8812261,-117.2377064,TRUE,0,2275.839,394.31773
2019-03-22T14:24,32.8812423,-117.2377006,TRUE,0,2276.3672,393.01311
2019-03-22T14:25,32.8812423,-117.2377006,FALSE,0,2276.3672,393.01311
2019-03-22T14:26,32.8812092,-117.2376873,TRUE,0,2273.3195,396.82937
2019-03-22T14:27,32.8812448,-117.2376818,TRUE,0,2275.048,393.63775
2019-03-22T14:28,32.8812448,-117.2376818,FALSE,0,2275.048,393.63775
2019-03-22T14:29,32.8812448,-117.2376818,FALSE,0,2275.048,393.63775
2019-03-22T14:30,32.8812448,-117.2376818,FALSE,0,2275.048,393.63775
2019-03-22T14:31,32.8812448,-117.2376818,FALSE,0,2275.048,393.63775
2019-03-22T14:32,32.8812448,-117.2376818,FALSE,0,2275.048,393.63775
2019-03-22T14:33,32.8812448,-117.2376818,FALSE,0,2275.048,393.63775
2019-03-22T14:34,32.8811486,-117.2377347,TRUE,0,2273.375,400.59786
2019-03-22T14:35,32.8811486,-117.2377347,FALSE,0,2273.375,400.59786
2019-03-22T14:36,32.8811486,-117.2377347,FALSE,0,2273.375,400.59786
2019-03-22T14:37,32.8811813,-117.237712,TRUE,0,2273.5671,398.41887
2019-03-22T14:38,32.8811813,-117.237712,FALSE,0,2273.5671,398.41887
2019-03-22T14:39,32.8811813,-117.237712,FALSE,0,2273.5671,398.41887
2019-03-22T14:40,32.8811813,-117.237712,FALSE,0,2273.5671,398.41887
2019-03-22T14:41,32.8811813,-117.237712,FALSE,0,2273.5671,398.41887
2019-03-22T14:42,32.8810283,-117.2377427,TRUE,0,2266.7859,412.07849
2019-03-22T14:43,32.8810283,-117.2377427,FALSE,0,2266.7859,412.07849
2019-03-22T14:44,32.8810283,-117.2377427,FALSE,0,2266.7859,412.07849
2019-03-22T14:45,32.8810283,-117.2377427,FALSE,0,2266.7859,412.07849
2019-03-22T14:46,32.8810283,-117.2377427,FALSE,0,2266.7859,412.07849
2019-03-22T14:47,32.88109785499915,-117.2354804239114,TRUE,0,2096.2323,537.41672
2019-03-22T14:48,32.88109785499915,-117.2354804239114,FALSE,0,2096.2323,537.41672
2019-03-22T14:49,32.88109785499915,-117.2354804239114,FALSE,0,2096.2323,537.41672
2019-03-22T14:50,32.88109785499915,-117.2354804239114,FALSE,0,2096.2323,537.41672
2019-03-22T14:51,32.88109785499915,-117.2354804239114,FALSE,0,2096.2323,537.41672
2019-03-22T14:52,32.8817182,-117.235175,TRUE,0,2114.6897,517.50034
2019-03-22T14:53,32.8817182,-117.235175,FALSE,0,2114.6897,517.50034
2019-03-22T14:54,32.8817182,-117.235175,FALSE,0,2114.6897,517.50034
2019-03-22T14:55,32.8817182,-117.235175,FALSE,0,2114.6897,517.50034
2019-03-22T14:56,32.881723,-117.2352169,TRUE,0,2118.1107,513.96084
2019-03-22T14:57,32.881723,-117.2352169,FALSE,0,2118.1107,513.96084
2019-03-22T14:58,32.881723,-117.2352169,FALSE,0,2118.1107,513.96084
2019-03-22T14:59,32.881723,-117.2352169,FALSE,0,2118.1107,513.96084
2019-03-22T15:00,32.881723,-117.2352169,FALSE,0,2118.1107,513.96084
2019-03-22T15:01,32.8817462,-117.2352078,TRUE,0,2119.0178,513.22094
2019-03-22T15:02,32.8817462,-117.2352078,FALSE,0,2119.0178,513.22094
2019-03-22T15:03,32.8817462,-117.2352078,FALSE,0,2119.0178,513.22094
2019-03-22T15:04,32.8817462,-117.2352078,FALSE,0,2119.0178,513.22094
2019-03-22T15:05,32.8817462,-117.2352078,FALSE,0,2119.0178,513.22094
2019-03-22T15:06,32.8817462,-117.2352078,FALSE,0,2119.0178,513.22094
2019-03-22T15:07,32.881751,-117.2352118,TRUE,0,2119.64,512.6133
2019-03-22T15:08,32.881751,-117.2352118,FALSE,0,2119.64,512.6133
2019-03-22T15:09,32.881751,-117.2352118,FALSE,0,2119.64,512.6133
2019-03-22T15:10,32.881751,-117.2352118,FALSE,0,2119.64,512.6133
2019-03-22T15:11,32.881751,-117.2352118,FALSE,0,2119.64,512.6133
2019-03-22T15:12,32.8817136,-117.2351662,TRUE,0,2113.7268,518.46764
2019-03-22T15:13,32.8817136,-117.2351662,FALSE,0,2113.7268,518.46764
2019-03-22T15:14,32.8817136,-117.2351662,FALSE,0,2113.7268,518.46764
2019-03-22T15:15,32.8817136,-117.2351662,FALSE,0,2113.7268,518.46764
2019-03-22T15:16,32.8817136,-117.2351662,FALSE,0,2113.7268,518.46764
2019-03-22T15:17,32.8817037,-117.2352062,TRUE,0,2116.0079,515.99463
2019-03-22T15:18,32.8817037,-117.2352062,FALSE,0,2116.0079,515.99463
2019-03-22T15:19,32.8817037,-117.2352062,FALSE,0,2116.0079,515.99463
2019-03-22T15:20,32.8817037,-117.2352062,FALSE,0,2116.0079,515.99463
2019-03-22T15:21,32.8817037,-117.2352062,FALSE,0,2116.0079,515.99463
2019-03-22T15:22,32.8817175,-117.2351903,TRUE,0,2115.7718,516.35999
2019-03-22T15:23,32.8817175,-117.2351903,FALSE,0,2115.7718,516.35999
2019-03-22T15:24,32.8817175,-117.2351903,FALSE,0,2115.7718,516.35999
2019-03-22T15:25,32.8817175,-117.2351903,FALSE,0,2115.7718,516.35999
2019-03-22T15:26,32.8817175,-117.2351903,FALSE,0,2115.7718,516.35999
2019-03-22T15:27,32.8817178,-117.235174,TRUE,0,2114.5887,517.60263
2019-03-22T15:28,32.8817178,-117.235174,FALSE,0,2114.5887,517.60263
2019-03-22T15:29,32.8817178,-117.235174,FALSE,0,2114.5887,517.60263
2019-03-22T15:30,32.8817178,-117.235174,FALSE,0,2114.5887,517.60263
2019-03-22T15:31,32.8817178,-117.235174,FALSE,0,2114.5887,517.60263
2019-03-22T15:32,32.8814084,-117.2350871,TRUE,0,2087.2233,544.09311
2019-03-22T15:33,32.8814084,-117.2350871,FALSE,0,2087.2233,544.09311
2019-03-22T15:34,32.8814084,-117.2350871,FALSE,0,2087.2233,544.09311
2019-03-22T15:35,32.8814084,-117.2350871,FALSE,0,2087.2233,544.09311
2019-03-22T15:36,32.8814084,-117.2350871,FALSE,0,2087.2233,544.09311
2019-03-22T15:37,32.8814341,-117.2350873,TRUE,0,2088.9653,542.38242
2019-03-22T15:38,32.8814341,-117.2350873,FALSE,0,2088.9653,542.38242
2019-03-22T15:39,32.8814341,-117.2350873,FALSE,0,2088.9653,542.38242
2019-03-22T15:40,32.8814341,-117.2350873,FALSE,0,2088.9653,542.38242
2019-03-22T15:41,32.8814341,-117.2350873,FALSE,0,2088.9653,542.38242
2019-03-22T15:42,32.881731,-117.2352139,TRUE,0,2118.4333,513.69353
2019-03-22T15:43,32.881731,-117.2352139,FALSE,0,2118.4333,513.69353
2019-03-22T15:44,32.881731,-117.2352139,FALSE,0,2118.4333,513.69353
2019-03-22T15:45,32.881731,-117.2352139,FALSE,0,2118.4333,513.69353
2019-03-22T15:46,32.881731,-117.2352139,FALSE,0,2118.4333,513.69353
2019-03-22T15:47,32.8817453,-117.2352072,TRUE,0,2118.9122,513.32326
2019-03-22T15:48,32.8817453,-117.2352072,FALSE,0,2118.9122,513.32326
2019-03-22T15:49,32.8817453,-117.2352072,FALSE,0,2118.9122,513.32326
2019-03-22T15:50,32.8817453,-117.2352072,FALSE,0,2118.9122,513.32326
2019-03-22T15:51,32.8817453,-117.2352072,FALSE,0,2118.9122,513.32326
2019-03-22T15:52,32.8817453,-117.2352079,TRUE,0,2118.9639,513.26901
2019-03-22T15:53,32.8817453,-117.2352079,FALSE,0,2118.9639,513.26901
2019-03-22T15:54,32.8817453,-117.2352079,FALSE,0,2118.9639,513.26901
2019-03-22T15:55,32.8817453,-117.2352079,FALSE,0,2118.9639,513.26901
2019-03-22T15:56,32.8817453,-117.2352079,FALSE,0,2118.9639,513.26901
2019-03-22T15:57,32.8817451,-117.2352077,TRUE,0,2118.9355,513.29691
2019-03-22T15:58,32.8817451,-117.2352077,FALSE,0,2118.9355,513.29691
2019-03-22T15:59,32.8817451,-117.2352077,FALSE,0,2118.9355,513.29691
2019-03-22T16:00,32.8817451,-117.2352077,FALSE,0,2118.9355,513.29691
2019-03-22T16:01,32.8817451,-117.2352077,FALSE,0,2118.9355,513.29691
2019-03-22T16:02,32.8817452,-117.2352073,TRUE,0,2118.9128,513.32171
2019-03-22T16:03,32.8817452,-117.2352073,FALSE,0,2118.9128,513.32171
2019-03-22T16:04,32.8817452,-117.2352073,FALSE,0,2118.9128,513.32171
2019-03-22T16:05,32.8817452,-117.2352073,FALSE,0,2118.9128,513.32171
2019-03-22T16:06,32.8817452,-117.2352076,TRUE,0,2118.935,513.29846
2019-03-22T16:07,32.8817452,-117.2352076,FALSE,0,2118.935,513.29846
2019-03-22T16:08,32.8817452,-117.2352076,FALSE,0,2118.935,513.29846
2019-03-22T16:09,32.8817452,-117.2352076,FALSE,0,2118.935,513.29846
2019-03-22T16:10,32.8817452,-117.2352076,FALSE,0,2118.935,513.29846
2019-03-22T16:11,32.8817452,-117.2352076,FALSE,0,2118.935,513.29846
2019-03-22T16:12,32.881745,-117.2352082,TRUE,0,2118.9656,513.26436
2019-03-22T16:13,32.881745,-117.2352082,FALSE,0,2118.9656,513.26436
2019-03-22T16:14,32.881745,-117.2352082,FALSE,0,2118.9656,513.26436
2019-03-22T16:15,32.881745,-117.2352082,FALSE,0,2118.9656,513.26436
2019-03-22T16:16,32.881745,-117.2352082,FALSE,0,2118.9656,513.26436
2019-03-22T16:17,32.8817448,-117.2352083,TRUE,0,2118.9594,513.26902
2019-03-22T16:18,32.8817448,-117.2352083,FALSE,0,2118.9594,513.26902
2019-03-22T16:19,32.8817448,-117.2352083,FALSE,0,2118.9594,513.26902
2019-03-22T16:20,32.8817448,-117.2352083,FALSE,0,2118.9594,513.26902
2019-03-22T16:21,32.8817441,-117.235208,TRUE,0,2118.8896,513.3357
2019-03-22T16:22,32.8817441,-117.235208,FALSE,0,2118.8896,513.3357
2019-03-22T16:23,32.8817441,-117.235208,FALSE,0,2118.8896,513.3357
2019-03-22T16:24,32.8817441,-117.235208,FALSE,0,2118.8896,513.3357
2019-03-22T16:25,32.8817441,-117.235208,FALSE,0,2118.8896,513.3357
2019-03-22T16:26,32.8817441,-117.235208,FALSE,0,2118.8896,513.3357
2019-03-22T16:27,32.88175,-117.2352066,TRUE,0,2119.1881,513.07849
2019-03-22T16:28,32.8817492,-117.2352068,TRUE,0,2119.1484,513.11253
2019-03-22T16:29,32.8817664,-117.2352164,TRUE,0,2121.0289,511.30372
2019-03-22T16:30,32.8817664,-117.2352164,FALSE,0,2121.0289,511.30372
2019-03-22T16:31,32.8817664,-117.2352164,FALSE,0,2121.0289,511.30372
2019-03-22T16:32,32.8817478,-117.2352075,TRUE,0,2119.1047,513.14501
2019-03-22T16:33,32.8817478,-117.2352075,FALSE,0,2119.1047,513.14501
2019-03-22T16:34,32.8817478,-117.2352075,FALSE,0,2119.1047,513.14501
2019-03-22T16:35,32.8817478,-117.2352075,FALSE,0,2119.1047,513.14501
2019-03-22T16:36,32.8817478,-117.2352075,FALSE,0,2119.1047,513.14501
2019-03-22T16:37,32.8817457,-117.2352076,TRUE,0,2118.969,513.26745
2019-03-22T16:38,32.8817463,-117.2352081,TRUE,0,2119.0468,513.19149
2019-03-22T16:39,32.8817463,-117.2352081,FALSE,0,2119.0468,513.19149
2019-03-22T16:40,32.8817463,-117.2352081,FALSE,0,2119.0468,513.19149
2019-03-22T16:41,32.8817463,-117.2352081,FALSE,0,2119.0468,513.19149
2019-03-22T16:42,32.8817519,-117.2352087,TRUE,0,2119.4726,512.79795
2019-03-22T16:43,32.8817476,-117.235209,TRUE,0,2119.2018,513.04112
2019-03-22T16:44,32.8817476,-117.235209,FALSE,0,2119.2018,513.04112
2019-03-22T16:45,32.8817479,-117.2352086,TRUE,0,2119.1927,513.05353
2019-03-22T16:46,32.881748,-117.2352075,TRUE,0,2119.1183,513.13261
2019-03-22T16:47,32.881748,-117.2352075,FALSE,0,2119.1183,513.13261
2019-03-22T16:48,32.8817487,-117.2352107,TRUE,0,2119.4022,512.84114
2019-03-22T16:49,32.8817479,-117.2352085,TRUE,0,2119.1853,513.06128
2019-03-22T16:50,32.8817538,-117.2352212,TRUE,0,2120.5245,511.71101
2019-03-22T16:51,32.8817511,-117.2352222,TRUE,0,2120.4145,511.801
2019-03-22T16:52,32.8817476,-117.2352176,TRUE,0,2119.8366,512.37465
2019-03-22T16:53,32.8817476,-117.2352176,FALSE,0,2119.8366,512.37465
2019-03-22T16:54,32.8817511,-117.2352201,TRUE,0,2120.2595,511.96373
2019-03-22T16:55,32.8817457,-117.2352076,TRUE,0,2118.969,513.26745
2019-03-22T16:56,32.8817457,-117.2352076,FALSE,0,2118.969,513.26745
2019-03-22T16:57,32.8817515,-117.2352059,TRUE,0,2119.2387,513.0399
2019-03-22T16:58,32.8817515,-117.2352059,FALSE,0,2119.2387,513.0399
2019-03-22T16:59,32.8817505,-117.2351985,TRUE,0,2118.6245,513.67592
2019-03-22T17:00,32.881748,-117.2352156,TRUE,0,2119.7162,512.50478
2019-03-22T17:01,32.8817476,-117.235207,TRUE,0,2119.0542,513.19617
2019-03-22T17:02,32.8817476,-117.235207,FALSE,0,2119.0542,513.19617
2019-03-22T17:03,32.8817442,-117.2352094,TRUE,0,2118.9997,513.22101
2019-03-22T17:04,32.8817442,-117.2352094,FALSE,0,2118.9997,513.22101
2019-03-22T17:05,32.881747,-117.235208,TRUE,0,2119.0871,513.15584
2019-03-22T17:06,32.8817478,-117.235216,TRUE,0,2119.7321,512.4862
2019-03-22T17:07,32.8817478,-117.235216,FALSE,0,2119.7321,512.4862
2019-03-22T17:08,32.8817518,-117.2352119,TRUE,0,2119.7019,512.55598
2019-03-22T17:09,32.8817466,-117.2352163,TRUE,0,2119.6725,512.53744
2019-03-22T17:10,32.8817472,-117.2352083,TRUE,0,2119.1229,513.12018
2019-03-22T17:11,32.8817472,-117.2352083,FALSE,0,2119.1229,513.12018
2019-03-22T17:12,32.8817462,-117.235208,TRUE,0,2119.0326,513.20544
2019-03-22T17:13,32.8817464,-117.2352074,TRUE,0,2119.0019,513.23955
2019-03-22T17:14,32.8817463,-117.2352079,TRUE,0,2119.032,513.20699
2019-03-22T17:15,32.8817463,-117.2352079,FALSE,0,2119.032,513.20699
2019-03-22T17:16,32.8817462,-117.2352079,TRUE,0,2119.0252,513.21319
2019-03-22T17:17,32.8817462,-117.2352079,FALSE,0,2119.0252,513.21319
2019-03-22T17:18,32.8817469,-117.2351999,TRUE,0,2118.4825,513.7901
2019-03-22T17:19,32.8817469,-117.2351999,FALSE,0,2118.4825,513.7901
2019-03-22T17:20,32.8817461,-117.2352081,TRUE,0,2119.0332,513.20389
2019-03-22T17:21,32.8817458,-117.2352081,TRUE,0,2119.0127,513.22249
2019-03-22T17:22,32.8817458,-117.2352082,TRUE,0,2119.0201,513.21474
2019-03-22T17:23,32.8817469,-117.2351993,TRUE,0,2118.4382,513.83664
2019-03-22T17:24,32.8817469,-117.2351993,FALSE,0,2118.4382,513.83664
2019-03-22T17:25,32.8817468,-117.235208,TRUE,0,2119.0735,513.16824
2019-03-22T17:26,32.8817464,-117.2352086,TRUE,0,2119.0905,513.14653
2019-03-22T17:27,32.8817464,-117.2352086,FALSE,0,2119.0905,513.14653
2019-03-22T17:28,32.8817467,-117.2352083,TRUE,0,2119.0888,513.15118
2019-03-22T17:29,32.8817461,-117.235208,TRUE,0,2119.0258,513.21164
2019-03-22T17:30,32.8817461,-117.235208,FALSE,0,2119.0258,513.21164
2019-03-22T17:31,32.881747,-117.2352061,TRUE,0,2118.9469,513.30313
2019-03-22T17:32,32.881747,-117.2352061,FALSE,0,2118.9469,513.30313
2019-03-22T17:33,32.8817521,-117.2352171,TRUE,0,2120.1061,512.13423
2019-03-22T17:34,32.8817521,-117.2352171,FALSE,0,2120.1061,512.13423
2019-03-22T17:35,32.8817515,-117.2352192,TRUE,0,2120.2203,512.00866
2019-03-22T17:36,32.8817512,-117.2352194,TRUE,0,2120.2146,512.01177
2019-03-22T17:37,32.8817504,-117.2352206,TRUE,0,2120.2487,511.96842
2019-03-22T17:38,32.8817508,-117.2352192,TRUE,0,2120.1726,512.05209
2019-03-22T17:39,32.8817533,-117.2352095,TRUE,0,2119.627,512.64922
2019-03-22T17:40,32.8817533,-117.2352095,FALSE,0,2119.627,512.64922
2019-03-22T17:41,32.8817483,-117.2352079,TRUE,0,2119.1683,513.08301
2019-03-22T17:42,32.8817516,-117.2352084,TRUE,0,2119.43,512.8398
2019-03-22T17:43,32.8817516,-117.2352084,FALSE,0,2119.43,512.8398
2019-03-22T17:44,32.8817472,-117.2352087,TRUE,0,2119.1524,513.08917
2019-03-22T17:45,32.8817531,-117.2352214,TRUE,0,2120.4916,511.73891
2019-03-22T17:46,32.8817508,-117.2352076,TRUE,0,2119.3165,512.95139
2019-03-22T17:47,32.8817508,-117.2352076,FALSE,0,2119.3165,512.95139
2019-03-22T17:48,32.8817487,-117.2352105,TRUE,0,2119.3874,512.85664
2019-03-22T17:49,32.8817514,-117.2352092,TRUE,0,2119.4754,512.79014
2019-03-22T17:50,32.8817496,-117.2352097,TRUE,0,2119.3897,512.86288
2019-03-22T17:51,32.8817496,-117.2352097,FALSE,0,2119.3897,512.86288
2019-03-22T17:52,32.8817517,-117.2352065,TRUE,0,2119.2966,512.98098
2019-03-22T17:53,32.8817535,-117.2352052,TRUE,0,2119.3233,512.97045
2019-03-22T17:54,32.8817531,-117.2352092,TRUE,0,2119.5912,512.68487
2019-03-22T17:55,32.8817518,-117.2352083,TRUE,0,2119.4362,512.83517
2019-03-22T17:56,32.8817518,-117.2352083,FALSE,0,2119.4362,512.83517
2019-03-22T17:57,32.8817492,-117.2352094,TRUE,0,2119.3403,512.91093
2019-03-22T17:58,32.8817494,-117.2352158,TRUE,0,2119.8263,512.40243
2019-03-22T17:59,32.8817494,-117.2352158,FALSE,0,2119.8263,512.40243
2019-03-22T18:00,32.8817487,-117.2352086,TRUE,0,2119.2472,513.00394
2019-03-22T18:01,32.8817472,-117.2352077,TRUE,0,2119.0786,513.16669
2019-03-22T18:02,32.8817472,-117.2352077,FALSE,0,2119.0786,513.16669
2019-03-22T18:03,32.8817472,-117.2352077,FALSE,0,2119.0786,513.16669
2019-03-22T18:04,32.8817485,-117.2352107,TRUE,0,2119.3885,512.85354
2019-03-22T18:05,32.8816111,-117.2351419,TRUE,0,2104.9668,526.78397
2019-03-22T18:06,32.88096,-117.2354036,TRUE,0,2081.4643,553.0232
2019-03-22T18:07,32.88096,-117.2354036,FALSE,0,2081.4643,553.0232
2019-03-22T18:08,32.88040498244514,-117.23646774401601,TRUE,0,2129.1417,533.48024
2019-03-22T18:09,32.8798477,-117.2375723,TRUE,0,2185.2036,537.97811
2019-03-22T18:10,32.8798477,-117.2375723,FALSE,0,2185.2036,537.97811
2019-03-22T18:11,32.878851484731655,-117.23809817049228,TRUE,0,2176.0438,627.79218
2019-03-22T18:12,32.8784824,-117.238285,TRUE,0,2173.6813,663.75851
2019-03-22T18:13,32.8784824,-117.238285,FALSE,0,2173.6813,663.75851
2019-03-22T18:14,32.8784824,-117.238285,FALSE,0,2173.6813,663.75851
2019-03-22T18:15,32.8784824,-117.238285,FALSE,0,2173.6813,663.75851
2019-03-22T18:16,32.8784824,-117.238285,FALSE,0,2173.6813,663.75851
2019-03-22T18:17,32.8758923,-117.2409738,TRUE,0,2306.0078,943.83581
2019-03-22T18:18,32.8758923,-117.2409738,FALSE,0,2306.0078,943.83581
2019-03-22T18:19,32.8758923,-117.2409738,FALSE,0,2306.0078,943.83581
2019-03-22T18:20,32.8758923,-117.2409738,FALSE,0,2306.0078,943.83581
2019-03-22T18:21,32.8758923,-117.2409738,FALSE,0,2306.0078,943.83581
2019-03-22T18:22,32.8744828,-117.242284,TRUE,0,2386.6328,1118.7562
2019-03-22T18:23,32.8744785,-117.2422902,TRUE,0,2387.1013,1119.3453
2019-03-22T18:24,32.8744785,-117.2422902,FALSE,0,2387.1013,1119.3453
2019-03-22T18:25,32.8744785,-117.2422902,FALSE,0,2387.1013,1119.3453
2019-03-22T18:26,32.8744785,-117.2422902,FALSE,0,2387.1013,1119.3453
2019-03-22T18:27,32.874488,-117.2422817,TRUE,0,2386.5414,1118.1458
2019-03-22T18:28,32.8744803,-117.2422874,TRUE,0,2386.8864,1119.0946
2019-03-22T18:29,32.8747633,-117.2415462,TRUE,0,2326.038,1075.5235
2019-03-22T18:30,32.8747633,-117.2415462,FALSE,0,2326.038,1075.5235
2019-03-22T18:31,32.874793635625146,-117.24072273219802,TRUE,0,2251.9439,1063.0131
2019-03-22T18:32,32.8746534,-117.2403658,TRUE,0,2215.9064,1076.3159
2019-03-22T18:33,32.8746534,-117.2403658,FALSE,0,2215.9064,1076.3159
2019-03-22T18:34,32.8745276,-117.240109,TRUE,0,2189.3661,1089.3253
2019-03-22T18:35,32.8745312,-117.2400725,TRUE,0,2186.1367,1088.8314
2019-03-22T18:36,32.8745323,-117.2400741,TRUE,0,2186.31,1088.713
2019-03-22T18:37,32.8745323,-117.2400741,FALSE,0,2186.31,1088.713
2019-03-22T18:38,32.8745374,-117.2400845,TRUE,0,2187.3845,1088.1719
2019-03-22T18:39,32.874523,-117.2400478,TRUE,0,2183.6834,1089.6855
2019-03-22T18:40,32.8745287,-117.240036,TRUE,0,2182.7538,1089.0262
2019-03-22T18:41,32.8745224,-117.24005,TRUE,0,2183.8684,1089.7571
2019-03-22T18:42,32.8745224,-117.24005,FALSE,0,2183.8684,1089.7571
2019-03-22T18:43,32.8745244,-117.2400751,TRUE,0,2186.2019,1089.5936
2019-03-22T18:44,32.8745372,-117.2400868,TRUE,0,2187.5887,1088.1999
2019-03-22T18:45,32.8745372,-117.2400868,FALSE,0,2187.5887,1088.1999
2019-03-22T18:46,32.8745222,-117.2400497,TRUE,0,2183.836,1089.7787
2019-03-22T18:47,32.8745294,-117.2400367,TRUE,0,2182.8352,1088.9499
2019-03-22T18:48,32.8745124,-117.2400182,TRUE,0,2180.7239,1090.8016
2019-03-22T18:49,32.8745124,-117.2400182,FALSE,0,2180.7239,1090.8016
2019-03-22T18:50,32.8745124,-117.2400182,FALSE,0,2180.7239,1090.8016
2019-03-22T18:51,32.8745124,-117.2400182,FALSE,0,2180.7239,1090.8016
2019-03-22T18:52,32.8744948,-117.2400295,TRUE,0,2181.3099,1092.7811
2019-03-22T18:53,32.8744948,-117.2400295,FALSE,0,2181.3099,1092.7811
2019-03-22T18:54,32.8744948,-117.2400295,FALSE,0,2181.3099,1092.7811
2019-03-22T18:55,32.8744948,-117.2400295,FALSE,0,2181.3099,1092.7811
2019-03-22T18:56,32.8744948,-117.2400295,FALSE,0,2181.3099,1092.7811
2019-03-22T18:57,32.8745056,-117.2399887,TRUE,0,2177.8693,1091.5026
2019-03-22T18:58,32.8745056,-117.2399887,FALSE,0,2177.8693,1091.5026
2019-03-22T18:59,32.8745056,-117.2399887,FALSE,0,2177.8693,1091.5026
2019-03-22T19:00,32.8745056,-117.2399887,FALSE,0,2177.8693,1091.5026
2019-03-22T19:01,32.8745056,-117.2399887,FALSE,0,2177.8693,1091.5026
2019-03-22T19:02,32.8745279,-117.2399982,TRUE,0,2179.2958,1089.0404
2019-03-22T19:03,32.8745279,-117.2399982,FALSE,0,2179.2958,1089.0404
2019-03-22T19:04,32.8745279,-117.2399982,FALSE,0,2179.2958,1089.0404
2019-03-22T19:05,32.8745279,-117.2399982,FALSE,0,2179.2958,1089.0404
2019-03-22T19:06,32.8745115,-117.2399929,TRUE,0,2178.3999,1090.854
2019-03-22T19:07,32.8745115,-117.2399929,FALSE,0,2178.3999,1090.854
2019-03-22T19:08,32.8745115,-117.2399929,FALSE,0,2178.3999,1090.854
2019-03-22T19:09,32.8745115,-117.2399929,FALSE,0,2178.3999,1090.854
2019-03-22T19:10,32.8745115,-117.2399929,FALSE,0,2178.3999,1090.854
2019-03-22T19:11,32.8745115,-117.2399929,FALSE,0,2178.3999,1090.854
2019-03-22T19:12,32.8745142,-117.2399591,TRUE,0,2175.3938,1090.4982
2019-03-22T19:13,32.8745142,-117.2399591,FALSE,0,2175.3938,1090.4982
2019-03-22T19:14,32.8745142,-117.2399591,FALSE,0,2175.3938,1090.4982
2019-03-22T19:15,32.8745142,-117.2399591,FALSE,0,2175.3938,1090.4982
2019-03-22T19:16,32.8745142,-117.2399591,FALSE,0,2175.3938,1090.4982
2019-03-22T19:17,32.8745157,-117.2399917,TRUE,0,2178.3967,1090.385
2019-03-22T19:18,32.8745157,-117.2399917,FALSE,0,2178.3967,1090.385
2019-03-22T19:19,32.8745157,-117.2399917,FALSE,0,2178.3967,1090.385
2019-03-22T19:20,32.8745157,-117.2399917,FALSE,0,2178.3967,1090.385
2019-03-22T19:21,32.8745157,-117.2399917,FALSE,0,2178.3967,1090.385
2019-03-22T19:22,32.8745167,-117.2399877,TRUE,0,2178.0581,1090.2668
2019-03-22T19:23,32.8745167,-117.2399877,FALSE,0,2178.0581,1090.2668
2019-03-22T19:24,32.8745167,-117.2399877,FALSE,0,2178.0581,1090.2668
2019-03-22T19:25,32.8745167,-117.2399877,FALSE,0,2178.0581,1090.2668
2019-03-22T19:26,32.8745167,-117.2399877,FALSE,0,2178.0581,1090.2668
2019-03-22T19:27,32.8745126,-117.2400025,TRUE,0,2179.3009,1090.7492
2019-03-22T19:28,32.8745126,-117.2400025,FALSE,0,2179.3009,1090.7492
2019-03-22T19:29,32.8745126,-117.2400025,FALSE,0,2179.3009,1090.7492
2019-03-22T19:30,32.8745126,-117.2400025,FALSE,0,2179.3009,1090.7492
2019-03-22T19:31,32.8745126,-117.2400025,FALSE,0,2179.3009,1090.7492
2019-03-22T19:32,32.8745197,-117.2400019,TRUE,0,2179.4253,1089.9588
2019-03-22T19:33,32.8745197,-117.2400019,FALSE,0,2179.4253,1089.9588
2019-03-22T19:34,32.8745197,-117.2400019,FALSE,0,2179.4253,1089.9588
2019-03-22T19:35,32.8745197,-117.2400019,FALSE,0,2179.4253,1089.9588
2019-03-22T19:36,32.8745197,-117.2400019,FALSE,0,2179.4253,1089.9588
2019-03-22T19:37,32.8745133,-117.2399972,TRUE,0,2178.8364,1090.6617
2019-03-22T19:38,32.8745133,-117.2399972,FALSE,0,2178.8364,1090.6617
2019-03-22T19:39,32.8745133,-117.2399972,FALSE,0,2178.8364,1090.6617
2019-03-22T19:40,32.8745133,-117.2399972,FALSE,0,2178.8364,1090.6617
2019-03-22T19:41,32.8745133,-117.2399972,FALSE,0,2178.8364,1090.6617
2019-03-22T19:42,32.8745301,-117.2400513,TRUE,0,2184.1807,1088.9041
2019-03-22T19:43,32.8745301,-117.2400513,FALSE,0,2184.1807,1088.9041
2019-03-22T19:44,32.8745301,-117.2400513,FALSE,0,2184.1807,1088.9041
2019-03-22T19:45,32.8745301,-117.2400513,FALSE,0,2184.1807,1088.9041
2019-03-22T19:46,32.8745301,-117.2400513,FALSE,0,2184.1807,1088.9041
2019-03-22T19:47,32.8745285,-117.2399988,TRUE,0,2179.3656,1088.9747
2019-03-22T19:48,32.8745285,-117.2399988,FALSE,0,2179.3656,1088.9747
2019-03-22T19:49,32.8745285,-117.2399988,FALSE,0,2179.3656,1088.9747
2019-03-22T19:50,32.8745285,-117.2399988,FALSE,0,2179.3656,1088.9747
2019-03-22T19:51,32.8745285,-117.2399988,FALSE,0,2179.3656,1088.9747
2019-03-22T19:52,32.8745065,-117.2400116,TRUE,0,2179.9751,1091.4446
2019-03-22T19:53,32.8745065,-117.2400116,FALSE,0,2179.9751,1091.4446
2019-03-22T19:54,32.8745065,-117.2400116,FALSE,0,2179.9751,1091.4446
2019-03-22T19:55,32.8745065,-117.2400116,FALSE,0,2179.9751,1091.4446
2019-03-22T19:56,32.8745065,-117.2400116,FALSE,0,2179.9751,1091.4446
2019-03-22T19:57,32.874522,-117.2400227,TRUE,0,2181.3751,1089.7434
2019-03-22T19:58,32.874522,-117.2400227,FALSE,0,2181.3751,1089.7434
2019-03-22T19:59,32.874522,-117.2400227,FALSE,0,2181.3751,1089.7434
2019-03-22T20:00,32.874522,-117.2400227,FALSE,0,2181.3751,1089.7434
2019-03-22T20:01,32.874522,-117.2400227,FALSE,0,2181.3751,1089.7434
2019-03-22T20:02,32.8745197,-117.2400029,TRUE,0,2179.5162,1089.9606
2019-03-22T20:03,32.8745197,-117.2400029,FALSE,0,2179.5162,1089.9606
2019-03-22T20:04,32.8745197,-117.2400029,FALSE,0,2179.5162,1089.9606
2019-03-22T20:05,32.8745197,-117.2400029,FALSE,0,2179.5162,1089.9606
2019-03-22T20:06,32.8745197,-117.2400029,FALSE,0,2179.5162,1089.9606
2019-03-22T20:07,32.8745151,-117.2400055,TRUE,0,2179.6367,1090.4769
2019-03-22T20:08,32.8745151,-117.2400055,FALSE,0,2179.6367,1090.4769
2019-03-22T20:09,32.8745151,-117.2400055,FALSE,0,2179.6367,1090.4769
2019-03-22T20:10,32.8745151,-117.2400055,FALSE,0,2179.6367,1090.4769
2019-03-22T20:11,32.8745151,-117.2400055,FALSE,0,2179.6367,1090.4769
2019-03-22T20:12,32.8745187,-117.239992,TRUE,0,2178.4996,1090.052
2019-03-22T20:13,32.8745151,-117.2399885,TRUE,0,2178.0905,1090.4461
2019-03-22T20:14,32.8745151,-117.2399885,FALSE,0,2178.0905,1090.4461
2019-03-22T20:15,32.8745151,-117.2399885,FALSE,0,2178.0905,1090.4461
2019-03-22T20:16,32.8745151,-117.2399885,FALSE,0,2178.0905,1090.4461
2019-03-22T20:17,32.8745193,-117.2400011,TRUE,0,2179.3424,1090.0018
2019-03-22T20:18,32.8745193,-117.2400011,FALSE,0,2179.3424,1090.0018
2019-03-22T20:19,32.8745193,-117.2400011,FALSE,0,2179.3424,1090.0018
2019-03-22T20:20,32.8745193,-117.2400011,FALSE,0,2179.3424,1090.0018
2019-03-22T20:21,32.8745193,-117.2400011,FALSE,0,2179.3424,1090.0018
2019-03-22T20:22,32.8745225,-117.2400109,TRUE,0,2180.3145,1089.6645
2019-03-22T20:23,32.8745225,-117.2400109,FALSE,0,2180.3145,1089.6645
2019-03-22T20:24,32.8745225,-117.2400109,FALSE,0,2180.3145,1089.6645
2019-03-22T20:25,32.8745225,-117.2400109,FALSE,0,2180.3145,1089.6645
2019-03-22T20:26,32.8745225,-117.2400109,FALSE,0,2180.3145,1089.6645
2019-03-22T20:27,32.8745164,-117.2399862,TRUE,0,2177.9141,1090.2975
2019-03-22T20:28,32.8745164,-117.2399862,FALSE,0,2177.9141,1090.2975
2019-03-22T20:29,32.8745164,-117.2399862,FALSE,0,2177.9141,1090.2975
2019-03-22T20:30,32.8745164,-117.2399862,FALSE,0,2177.9141,1090.2975
2019-03-22T20:31,32.8745164,-117.2399862,FALSE,0,2177.9141,1090.2975
2019-03-22T20:32,32.874514,-117.24001,TRUE,0,2180.0183,1090.6078
2019-03-22T20:33,32.874514,-117.24001,FALSE,0,2180.0183,1090.6078
2019-03-22T20:34,32.874514,-117.24001,FALSE,0,2180.0183,1090.6078
2019-03-22T20:35,32.874514,-117.24001,FALSE,0,2180.0183,1090.6078
2019-03-22T20:36,32.874514,-117.24001,FALSE,0,2180.0183,1090.6078
2019-03-22T20:37,32.8745273,-117.239987,TRUE,0,2178.2621,1089.0871
2019-03-22T20:38,32.8745273,-117.239987,FALSE,0,2178.2621,1089.0871
2019-03-22T20:39,32.8745273,-117.239987,FALSE,0,2178.2621,1089.0871
2019-03-22T20:40,32.8745273,-117.239987,FALSE,0,2178.2621,1089.0871
2019-03-22T20:41,32.8745273,-117.239987,FALSE,0,2178.2621,1089.0871
2019-03-22T20:42,32.8745219,-117.2399956,TRUE,0,2178.9078,1089.7027
2019-03-22T20:43,32.8745219,-117.2399956,FALSE,0,2178.9078,1089.7027
2019-03-22T20:44,32.8745219,-117.2399956,FALSE,0,2178.9078,1089.7027
2019-03-22T20:45,32.8745219,-117.2399956,FALSE,0,2178.9078,1089.7027
2019-03-22T20:46,32.8745219,-117.2399956,FALSE,0,2178.9078,1089.7027
2019-03-22T20:47,32.8744821,-117.2399787,TRUE,0,2176.3695,1094.0982
2019-03-22T20:48,32.8744821,-117.2399787,FALSE,0,2176.3695,1094.0982
2019-03-22T20:49,32.8744821,-117.2399787,FALSE,0,2176.3695,1094.0982
2019-03-22T20:50,32.8744821,-117.2399787,FALSE,0,2176.3695,1094.0982
2019-03-22T20:51,32.8744821,-117.2399787,FALSE,0,2176.3695,1094.0982
2019-03-22T20:52,32.874515,-117.2400056,TRUE,0,2179.6433,1090.4882
2019-03-22T20:53,32.874515,-117.2400056,FALSE,0,2179.6433,1090.4882
2019-03-22T20:54,32.874515,-117.2400056,FALSE,0,2179.6433,1090.4882
2019-03-22T20:55,32.874515,-117.2400056,FALSE,0,2179.6433,1090.4882
2019-03-22T20:56,32.874515,-117.2400056,FALSE,0,2179.6433,1090.4882
2019-03-22T20:57,32.8745276,-117.2400143,TRUE,0,2180.7525,1089.1042
2019-03-22T20:58,32.8745276,-117.2400143,FALSE,0,2180.7525,1089.1042
2019-03-22T20:59,32.8745276,-117.2400143,FALSE,0,2180.7525,1089.1042
2019-03-22T21:00,32.8745276,-117.2400143,FALSE,0,2180.7525,1089.1042
2019-03-22T21:01,32.8745276,-117.2400143,FALSE,0,2180.7525,1089.1042
2019-03-22T21:02,32.874515,-117.2400056,TRUE,0,2179.6433,1090.4882
2019-03-22T21:03,32.874515,-117.2400056,FALSE,0,2179.6433,1090.4882
2019-03-22T21:04,32.874515,-117.2400056,FALSE,0,2179.6433,1090.4882
2019-03-22T21:05,32.874515,-117.2400056,FALSE,0,2179.6433,1090.4882
2019-03-22T21:06,32.874515,-117.2400056,FALSE,0,2179.6433,1090.4882
2019-03-22T21:07,32.8745166,-117.2400026,TRUE,0,2179.4108,1090.3047
2019-03-22T21:08,32.8745166,-117.2400026,FALSE,0,2179.4108,1090.3047
2019-03-22T21:09,32.8745166,-117.2400026,FALSE,0,2179.4108,1090.3047
2019-03-22T21:10,32.8745166,-117.2400026,FALSE,0,2179.4108,1090.3047
2019-03-22T21:11,32.8745166,-117.2400026,FALSE,0,2179.4108,1090.3047
2019-03-22T21:12,32.8745103,-117.2399847,TRUE,0,2177.6238,1090.9731
2019-03-22T21:13,32.8745103,-117.2399847,FALSE,0,2177.6238,1090.9731
2019-03-22T21:14,32.8745103,-117.2399847,FALSE,0,2177.6238,1090.9731
2019-03-22T21:15,32.8745103,-117.2399847,FALSE,0,2177.6238,1090.9731
2019-03-22T21:16,32.8745103,-117.2399847,FALSE,0,2177.6238,1090.9731
2019-03-22T21:17,32.8745281,-117.2399989,TRUE,0,2179.3646,1089.0194
2019-03-22T21:18,32.8745281,-117.2399989,FALSE,0,2179.3646,1089.0194
2019-03-22T21:19,32.8745281,-117.2399989,FALSE,0,2179.3646,1089.0194
2019-03-22T21:20,32.8745281,-117.2399989,FALSE,0,2179.3646,1089.0194
2019-03-22T21:21,32.8745281,-117.2399989,FALSE,0,2179.3646,1089.0194
2019-03-22T21:22,32.8745271,-117.2400029,TRUE,0,2179.7031,1089.138
2019-03-22T21:23,32.8745271,-117.2400029,FALSE,0,2179.7031,1089.138
2019-03-22T21:24,32.8745271,-117.2400029,FALSE,0,2179.7031,1089.138
2019-03-22T21:25,32.8745271,-117.2400029,FALSE,0,2179.7031,1089.138
2019-03-22T21:26,32.8745271,-117.2400029,FALSE,0,2179.7031,1089.138
2019-03-22T21:27,32.8745107,-117.2399834,TRUE,0,2177.5157,1090.9264
2019-03-22T21:28,32.8745107,-117.2399834,FALSE,0,2177.5157,1090.9264
2019-03-22T21:29,32.8745107,-117.2399834,FALSE,0,2177.5157,1090.9264
2019-03-22T21:30,32.8745107,-117.2399834,FALSE,0,2177.5157,1090.9264
2019-03-22T21:31,32.8745107,-117.2399834,FALSE,0,2177.5157,1090.9264
2019-03-22T21:32,32.8745107,-117.2399834,FALSE,0,2177.5157,1090.9264
2019-03-22T21:33,32.8745107,-117.2399834,FALSE,0,2177.5157,1090.9264
2019-03-22T21:34,32.8745107,-117.2399834,FALSE,0,2177.5157,1090.9264
2019-03-22T21:35,32.8745107,-117.2399834,FALSE,0,2177.5157,1090.9264
2019-03-22T21:36,32.8745107,-117.2399834,FALSE,0,2177.5157,1090.9264
2019-03-22T21:37,32.8745107,-117.2399834,FALSE,0,2177.5157,1090.9264
2019-03-22T21:38,32.8745107,-117.2399834,FALSE,0,2177.5157,1090.9264
2019-03-22T21:39,32.8745107,-117.2399834,FALSE,0,2177.5157,1090.9264
2019-03-22T21:40,32.8745107,-117.2399834,FALSE,0,2177.5157,1090.9264
2019-03-22T21:41,32.8745107,-117.2399834,FALSE,0,2177.5157,1090.9264
2019-03-22T21:42,32.8745107,-117.2399834,FALSE,0,2177.5157,1090.9264
2019-03-22T21:43,32.8745107,-117.2399834,FALSE,0,2177.5157,1090.9264
2019-03-22T21:44,32.8745107,-117.2399834,FALSE,0,2177.5157,1090.9264
2019-03-22T21:45,32.8745107,-117.2399834,FALSE,0,2177.5157,1090.9264
2019-03-22T21:46,32.8745107,-117.2399834,FALSE,0,2177.5157,1090.9264
2019-03-22T21:47,32.8745107,-117.2399834,FALSE,0,2177.5157,1090.9264
2019-03-22T21:48,32.8745107,-117.2399834,FALSE,0,2177.5157,1090.9264
2019-03-22T21:49,32.8745107,-117.2399834,FALSE,0,2177.5157,1090.9264
2019-03-22T21:50,32.8745107,-117.2399834,FALSE,0,2177.5157,1090.9264
2019-03-22T21:51,32.8745107,-117.2399834,FALSE,0,2177.5157,1090.9264
2019-03-22T21:52,32.8745107,-117.2399834,FALSE,0,2177.5157,1090.9264
2019-03-22T21:53,32.8745107,-117.2399834,FALSE,0,2177.5157,1090.9264
2019-03-22T21:54,32.8745107,-117.2399834,FALSE,0,2177.5157,1090.9264
2019-03-22T21:55,32.8745107,-117.2399834,FALSE,0,2177.5157,1090.9264
2019-03-22T21:56,32.8745107,-117.2399834,FALSE,0,2177.5157,1090.9264
2019-03-22T21:57,32.8745107,-117.2399834,FALSE,0,2177.5157,1090.9264
2019-03-22T21:58,32.8745107,-117.2399834,FALSE,0,2177.5157,1090.9264
2019-03-22T21:59,32.8745107,-117.2399834,FALSE,0,2177.5157,1090.9264
2019-03-22T22:00,32.8745107,-117.2399834,FALSE,0,2177.5157,1090.9264
2019-03-22T22:01,32.8745107,-117.2399834,FALSE,0,2177.5157,1090.9264
2019-03-22T22:02,32.8745107,-117.2399834,FALSE,0,2177.5157,1090.9264
2019-03-22T22:03,32.8745107,-117.2399834,FALSE,0,2177.5157,1090.9264
2019-03-22T22:04,32.8745409,-117.240105,TRUE,0,2189.3374,1087.8362
2019-03-22T22:05,32.8745409,-117.240105,FALSE,0,2189.3374,1087.8362
2019-03-22T22:06,32.8745409,-117.240105,FALSE,0,2189.3374,1087.8362
2019-03-22T22:07,32.87597809278032,-117.24073407936473,TRUE,0,2287.2496,931.93645
2019-03-22T22:08,32.87597809278032,-117.24073407936473,FALSE,0,2287.2496,931.93645
2019-03-22T22:09,32.87597809278032,-117.24073407936473,FALSE,0,2287.2496,931.93645
2019-03-22T22:10,32.87597809278032,-117.24073407936473,FALSE,0,2287.2496,931.93645
2019-03-22T22:11,32.87597809278032,-117.24073407936473,FALSE,0,2287.2496,931.93645
2019-03-22T22:12,32.8787386,-117.2376612,TRUE,0,2133.9551,651.1156
2019-03-22T22:13,32.87920046323293,-117.23709781830688,TRUE,0,2111.3527,621.55424
2019-03-22T22:14,32.8790246,-117.2360941,TRUE,0,2019.9557,681.56969
2019-03-22T22:15,32.8790246,-117.2360941,FALSE,0,2019.9557,681.56969
2019-03-22T22:16,32.8786524,-117.2361695,TRUE,0,2006.0749,714.28655
2019-03-22T22:17,32.8776472,-117.236187,TRUE,0,1956.8644,813.93139
2019-03-22T22:18,32.8776472,-117.236187,FALSE,0,1956.8644,813.93139
2019-03-22T22:19,32.8776472,-117.236187,FALSE,0,1956.8644,813.93139
2019-03-22T22:20,32.8776472,-117.236187,FALSE,0,1956.8644,813.93139
2019-03-22T22:21,32.8776472,-117.236187,FALSE,0,1956.8644,813.93139
2019-03-22T22:22,32.8769898593366,-117.23522361369703,TRUE,0,1844.3983,919.01527
2019-03-22T22:23,32.87700717695252,-117.23514181159484,TRUE,0,1838.265,920.86815
2019-03-22T22:24,32.8769157597866,-117.23523196020045,TRUE,0,1841.6869,925.97382
2019-03-22T22:25,32.8769157597866,-117.23523196020045,FALSE,0,1841.6869,925.97382
2019-03-22T22:26,32.87708128442021,-117.23543224256171,TRUE,0,1866.3461,901.08679
2019-03-22T22:27,32.87691583247925,-117.23524520080375,TRUE,0,1842.8163,925.40143
2019-03-22T22:28,32.87695104593373,-117.23533165864065,TRUE,0,1851.7866,918.2473
2019-03-22T22:29,32.8769316433881,-117.23530282320486,TRUE,0,1848.4432,921.38901
2019-03-22T22:30,32.87696934673446,-117.23528369464692,TRUE,0,1848.5517,918.46618
2019-03-22T22:31,32.87685446535645,-117.23519363219648,TRUE,0,1835.6173,933.67188
2019-03-22T22:32,32.87704137342003,-117.2354045401105,TRUE,0,1862.1445,906.214
2019-03-22T22:33,32.87704137342003,-117.2354045401105,FALSE,0,1862.1445,906.214
2019-03-22T22:34,32.876945621236025,-117.23519718939045,TRUE,0,1840.1071,924.51794
2019-03-22T22:35,32.87698712071424,-117.23521108394131,TRUE,0,1843.2078,919.82631
2019-03-22T22:36,32.87707645551529,-117.2350830116395,TRUE,0,1836.5356,916.68184
2019-03-22T22:37,32.87707645551529,-117.2350830116395,FALSE,0,1836.5356,916.68184
2019-03-22T22:38,32.87697995529147,-117.23519092783798,TRUE,0,1841.1647,921.40466
2019-03-22T22:39,32.8758346,-117.2336906,TRUE,0,1661.6845,1101.1581
2019-03-22T22:40,32.87451276143732,-117.23353508247078,TRUE,0,1596.9049,1236.213
2019-03-22T22:41,32.87451276143732,-117.23353508247078,FALSE,0,1596.9049,1236.213
2019-03-22T22:42,32.87204403462591,-117.23396937478005,TRUE,0,1574.5408,1468.5774
2019-03-22T22:43,32.87204403462591,-117.23396937478005,FALSE,0,1574.5408,1468.5774
2019-03-22T22:44,32.8706644,-117.2255091,TRUE,0,771.88905,2019.707
2019-03-22T22:45,32.8710403,-117.218418,TRUE,0,151.75971,2481.1919
2019-03-22T22:46,32.8709284,-117.2181876,TRUE,0,127.9434,2505.8904
2019-03-22T22:47,32.8709284,-117.2181876,FALSE,0,127.9434,2505.8904
2019-03-22T22:48,32.8706129,-117.2174359,TRUE,0,62.147931,2583.2349
2019-03-22T22:49,32.8703888,-117.2172228,TRUE,0,35.697879,2614.0204
2019-03-22T22:50,32.8702931,-117.2172798,TRUE,0,24.734894,2616.0661
2019-03-22T22:51,32.8702931,-117.2172798,FALSE,0,24.734894,2616.0661
2019-03-22T22:52,32.8700534,-117.2172339,TRUE,1,4.2434884,2635.468
2019-03-22T22:53,32.870059,-117.2172706,TRUE,1,1.3485177,2632.3568
2019-03-22T22:54,32.8700593,-117.2172588,TRUE,1,1.9311949,2633.2163
2019-03-22T22:55,32.8700243,-117.2172278,TRUE,1,6.7498723,2637.8718
2019-03-22T22:56,32.8700243,-117.2172278,FALSE,1,6.7498723,2637.8718
2019-03-22T22:57,32.8701146,-117.2173964,TRUE,1,12.395587,2619.2557
2019-03-22T22:58,32.8700432,-117.2172168,TRUE,1,6.1877996,2637.426
2019-03-22T22:59,32.8700432,-117.2172168,FALSE,1,6.1877996,2637.426
2019-03-22T23:00,32.8700428,-117.2172181,TRUE,1,6.1050268,2637.3558
2019-03-22T23:01,32.8700267,-117.2172398,TRUE,1,5.8633818,2636.8167
2019-03-22T23:02,32.8700312,-117.2172154,TRUE,1,7.0465308,2638.3338
2019-03-22T23:03,32.8700603,-117.217259,TRUE,1,1.8455064,2633.1344
2019-03-22T23:04,32.8700609,-117.2172659,TRUE,1,1.348203,2632.5798
2019-03-22T23:05,32.8700324,-117.2172238,TRUE,1,6.361541,2637.6272
2019-03-22T23:06,32.8700324,-117.2172238,FALSE,1,6.361541,2637.6272
2019-03-22T23:07,32.8700372,-117.2172205,TRUE,1,6.2622549,2637.5518
2019-03-22T23:08,32.8700565,-117.2172316,TRUE,1,4.2977803,2635.432
2019-03-22T23:09,32.8700565,-117.2172316,FALSE,1,4.2977803,2635.432
2019-03-22T23:10,32.8700432,-117.2172439,TRUE,1,4.1790417,2635.4055
2019-03-22T23:11,32.8700466,-117.2172424,TRUE,1,4.0140884,2635.2895
2019-03-22T23:12,32.8700466,-117.2172424,FALSE,1,4.0140884,2635.2895
2019-03-22T23:13,32.8700556,-117.2172354,TRUE,1,4.0107028,2635.2088
2019-03-22T23:14,32.8700355,-117.2172372,TRUE,1,5.2335538,2636.4207
2019-03-22T23:15,32.8700355,-117.2172372,FALSE,1,5.2335538,2636.4207
2019-03-22T23:16,32.8700528,-117.21723,TRUE,1,4.5996037,2635.799
2019-03-22T23:17,32.869992841851875,-117.21741997870187,TRUE,0,16.118417,2625.6932
2019-03-22T23:18,32.8700612,-117.2172698,TRUE,1,1.1403693,2632.269
2019-03-22T23:19,32.8700612,-117.2172698,FALSE,1,1.1403693,2632.269
2019-03-22T23:20,32.8700584,-117.2172554,TRUE,1,2.2403863,2633.5301
2019-03-22T23:21,32.8700601,-117.2172696,TRUE,1,1.2610372,2632.3576
2019-03-22T23:22,32.8700601,-117.2172696,FALSE,1,1.2610372,2632.3576
2019-03-22T23:23,32.8700597,-117.2172524,TRUE,1,2.3911614,2633.6667
2019-03-22T23:24,32.8700607,-117.2172653,TRUE,1,1.3995432,2632.638
2019-03-22T23:25,32.8700607,-117.2172653,FALSE,1,1.3995432,2632.638
2019-03-22T23:26,32.8700503,-117.2172105,TRUE,1,6.384382,2637.4207
2019-03-22T23:27,32.8700417,-117.2172168,TRUE,1,6.2719008,2637.5264
2019-03-22T23:28,32.8700417,-117.2172168,FALSE,1,6.2719008,2637.5264
2019-03-22T23:29,32.8700417,-117.2172168,FALSE,1,6.2719008,2637.5264
2019-03-22T23:30,32.8700417,-117.2172168,FALSE,1,6.2719008,2637.5264
2019-03-22T23:31,32.8700417,-117.2172168,FALSE,1,6.2719008,2637.5264
2019-03-22T23:32,32.8700379,-117.217204,TRUE,1,7.5187048,2638.7353
2019-03-22T23:33,32.8700379,-117.217204,FALSE,1,7.5187048,2638.7353
2019-03-22T23:34,32.8700379,-117.217204,FALSE,1,7.5187048,2638.7353
2019-03-22T23:35,32.8700379,-117.217204,FALSE,1,7.5187048,2638.7353
2019-03-22T23:36,32.8700379,-117.217204,FALSE,1,7.5187048,2638.7353
2019-03-22T23:37,32.8700531,-117.2172381,TRUE,1,3.9144856,2635.1749
2019-03-22T23:38,32.8700531,-117.2172381,FALSE,1,3.9144856,2635.1749
2019-03-22T23:39,32.8700531,-117.2172381,FALSE,1,3.9144856,2635.1749
2019-03-22T23:40,32.8700531,-117.2172381,FALSE,1,3.9144856,2635.1749
2019-03-22T23:41,32.8700531,-117.2172381,FALSE,1,3.9144856,2635.1749
2019-03-22T23:42,32.8700531,-117.2172381,TRUE,1,3.9144856,2635.1749
2019-03-22T23:43,32.8700531,-117.2172381,FALSE,1,3.9144856,2635.1749
2019-03-22T23:44,32.8700531,-117.2172381,FALSE,1,3.9144856,2635.1749
2019-03-22T23:45,32.8700531,-117.2172381,FALSE,1,3.9144856,2635.1749
2019-03-22T23:46,32.8700531,-117.2172381,FALSE,1,3.9144856,2635.1749
2019-03-22T23:47,32.8700838,-117.2172596,TRUE,1,2.0080741,2631.5167
2019-03-22T23:48,32.8700838,-117.2172596,FALSE,1,2.0080741,2631.5167
2019-03-22T23:49,32.8700838,-117.2172596,FALSE,1,2.0080741,2631.5167
2019-03-22T23:50,32.8700838,-117.2172596,FALSE,1,2.0080741,2631.5167
2019-03-22T23:51,32.8700838,-117.2172596,FALSE,1,2.0080741,2631.5167
2019-03-22T23:52,32.8700449,-117.2172299,TRUE,1,5.0499929,2636.3353
2019-03-22T23:53,32.8700449,-117.2172299,FALSE,1,5.0499929,2636.3353
2019-03-22T23:54,32.8700449,-117.2172299,FALSE,1,5.0499929,2636.3353
2019-03-22T23:55,32.8700449,-117.2172299,FALSE,1,5.0499929,2636.3353
2019-03-22T23:56,32.8700449,-117.2172299,FALSE,1,5.0499929,2636.3353
2019-03-22T23:57,32.8700673,-117.2172196,TRUE,1,5.1318816,2635.6047
